--
-- PostgreSQL database dump
--

-- Dumped from database version 16.0
-- Dumped by pg_dump version 16.0

SET statement_timeout = 0;
SET lock_timeout = 0;
SET idle_in_transaction_session_timeout = 0;
SET client_encoding = 'UTF8';
SET standard_conforming_strings = on;
SELECT pg_catalog.set_config('search_path', '', false);
SET check_function_bodies = false;
SET xmloption = content;
SET client_min_messages = warning;
SET row_security = off;

--
-- Name: vector; Type: EXTENSION; Schema: -; Owner: -
--

CREATE EXTENSION IF NOT EXISTS vector WITH SCHEMA public;


--
-- Name: EXTENSION vector; Type: COMMENT; Schema: -; Owner: 
--

COMMENT ON EXTENSION vector IS 'vector data type and ivfflat access method';


SET default_tablespace = '';

SET default_table_access_method = heap;

--
-- Name: auth_group; Type: TABLE; Schema: public; Owner: postgres
--

CREATE TABLE public.auth_group (
    id integer NOT NULL,
    name character varying(150) NOT NULL
);


ALTER TABLE public.auth_group OWNER TO postgres;

--
-- Name: auth_group_id_seq; Type: SEQUENCE; Schema: public; Owner: postgres
--

ALTER TABLE public.auth_group ALTER COLUMN id ADD GENERATED BY DEFAULT AS IDENTITY (
    SEQUENCE NAME public.auth_group_id_seq
    START WITH 1
    INCREMENT BY 1
    NO MINVALUE
    NO MAXVALUE
    CACHE 1
);


--
-- Name: auth_group_permissions; Type: TABLE; Schema: public; Owner: postgres
--

CREATE TABLE public.auth_group_permissions (
    id bigint NOT NULL,
    group_id integer NOT NULL,
    permission_id integer NOT NULL
);


ALTER TABLE public.auth_group_permissions OWNER TO postgres;

--
-- Name: auth_group_permissions_id_seq; Type: SEQUENCE; Schema: public; Owner: postgres
--

ALTER TABLE public.auth_group_permissions ALTER COLUMN id ADD GENERATED BY DEFAULT AS IDENTITY (
    SEQUENCE NAME public.auth_group_permissions_id_seq
    START WITH 1
    INCREMENT BY 1
    NO MINVALUE
    NO MAXVALUE
    CACHE 1
);


--
-- Name: auth_permission; Type: TABLE; Schema: public; Owner: postgres
--

CREATE TABLE public.auth_permission (
    id integer NOT NULL,
    name character varying(255) NOT NULL,
    content_type_id integer NOT NULL,
    codename character varying(100) NOT NULL
);


ALTER TABLE public.auth_permission OWNER TO postgres;

--
-- Name: auth_permission_id_seq; Type: SEQUENCE; Schema: public; Owner: postgres
--

ALTER TABLE public.auth_permission ALTER COLUMN id ADD GENERATED BY DEFAULT AS IDENTITY (
    SEQUENCE NAME public.auth_permission_id_seq
    START WITH 1
    INCREMENT BY 1
    NO MINVALUE
    NO MAXVALUE
    CACHE 1
);


--
-- Name: auth_user; Type: TABLE; Schema: public; Owner: postgres
--

CREATE TABLE public.auth_user (
    id integer NOT NULL,
    password character varying(128) NOT NULL,
    last_login timestamp with time zone,
    is_superuser boolean NOT NULL,
    username character varying(150) NOT NULL,
    first_name character varying(150) NOT NULL,
    last_name character varying(150) NOT NULL,
    email character varying(254) NOT NULL,
    is_staff boolean NOT NULL,
    is_active boolean NOT NULL,
    date_joined timestamp with time zone NOT NULL
);


ALTER TABLE public.auth_user OWNER TO postgres;

--
-- Name: auth_user_groups; Type: TABLE; Schema: public; Owner: postgres
--

CREATE TABLE public.auth_user_groups (
    id bigint NOT NULL,
    user_id integer NOT NULL,
    group_id integer NOT NULL
);


ALTER TABLE public.auth_user_groups OWNER TO postgres;

--
-- Name: auth_user_groups_id_seq; Type: SEQUENCE; Schema: public; Owner: postgres
--

ALTER TABLE public.auth_user_groups ALTER COLUMN id ADD GENERATED BY DEFAULT AS IDENTITY (
    SEQUENCE NAME public.auth_user_groups_id_seq
    START WITH 1
    INCREMENT BY 1
    NO MINVALUE
    NO MAXVALUE
    CACHE 1
);


--
-- Name: auth_user_id_seq; Type: SEQUENCE; Schema: public; Owner: postgres
--

ALTER TABLE public.auth_user ALTER COLUMN id ADD GENERATED BY DEFAULT AS IDENTITY (
    SEQUENCE NAME public.auth_user_id_seq
    START WITH 1
    INCREMENT BY 1
    NO MINVALUE
    NO MAXVALUE
    CACHE 1
);


--
-- Name: auth_user_user_permissions; Type: TABLE; Schema: public; Owner: postgres
--

CREATE TABLE public.auth_user_user_permissions (
    id bigint NOT NULL,
    user_id integer NOT NULL,
    permission_id integer NOT NULL
);


ALTER TABLE public.auth_user_user_permissions OWNER TO postgres;

--
-- Name: auth_user_user_permissions_id_seq; Type: SEQUENCE; Schema: public; Owner: postgres
--

ALTER TABLE public.auth_user_user_permissions ALTER COLUMN id ADD GENERATED BY DEFAULT AS IDENTITY (
    SEQUENCE NAME public.auth_user_user_permissions_id_seq
    START WITH 1
    INCREMENT BY 1
    NO MINVALUE
    NO MAXVALUE
    CACHE 1
);


--
-- Name: django_admin_log; Type: TABLE; Schema: public; Owner: postgres
--

CREATE TABLE public.django_admin_log (
    id integer NOT NULL,
    action_time timestamp with time zone NOT NULL,
    object_id text,
    object_repr character varying(200) NOT NULL,
    action_flag smallint NOT NULL,
    change_message text NOT NULL,
    content_type_id integer,
    user_id integer NOT NULL,
    CONSTRAINT django_admin_log_action_flag_check CHECK ((action_flag >= 0))
);


ALTER TABLE public.django_admin_log OWNER TO postgres;

--
-- Name: django_admin_log_id_seq; Type: SEQUENCE; Schema: public; Owner: postgres
--

ALTER TABLE public.django_admin_log ALTER COLUMN id ADD GENERATED BY DEFAULT AS IDENTITY (
    SEQUENCE NAME public.django_admin_log_id_seq
    START WITH 1
    INCREMENT BY 1
    NO MINVALUE
    NO MAXVALUE
    CACHE 1
);


--
-- Name: django_content_type; Type: TABLE; Schema: public; Owner: postgres
--

CREATE TABLE public.django_content_type (
    id integer NOT NULL,
    app_label character varying(100) NOT NULL,
    model character varying(100) NOT NULL
);


ALTER TABLE public.django_content_type OWNER TO postgres;

--
-- Name: django_content_type_id_seq; Type: SEQUENCE; Schema: public; Owner: postgres
--

ALTER TABLE public.django_content_type ALTER COLUMN id ADD GENERATED BY DEFAULT AS IDENTITY (
    SEQUENCE NAME public.django_content_type_id_seq
    START WITH 1
    INCREMENT BY 1
    NO MINVALUE
    NO MAXVALUE
    CACHE 1
);


--
-- Name: django_migrations; Type: TABLE; Schema: public; Owner: postgres
--

CREATE TABLE public.django_migrations (
    id bigint NOT NULL,
    app character varying(255) NOT NULL,
    name character varying(255) NOT NULL,
    applied timestamp with time zone NOT NULL
);


ALTER TABLE public.django_migrations OWNER TO postgres;

--
-- Name: django_migrations_id_seq; Type: SEQUENCE; Schema: public; Owner: postgres
--

ALTER TABLE public.django_migrations ALTER COLUMN id ADD GENERATED BY DEFAULT AS IDENTITY (
    SEQUENCE NAME public.django_migrations_id_seq
    START WITH 1
    INCREMENT BY 1
    NO MINVALUE
    NO MAXVALUE
    CACHE 1
);


--
-- Name: django_session; Type: TABLE; Schema: public; Owner: postgres
--

CREATE TABLE public.django_session (
    session_key character varying(40) NOT NULL,
    session_data text NOT NULL,
    expire_date timestamp with time zone NOT NULL
);


ALTER TABLE public.django_session OWNER TO postgres;

--
-- Name: home_command_mapping; Type: TABLE; Schema: public; Owner: postgres
--

CREATE TABLE public.home_command_mapping (
    when_asking text NOT NULL,
    embedding public.vector(1536) NOT NULL,
    cli_command text NOT NULL,
    id bigint NOT NULL,
    vendor_os text NOT NULL
);


ALTER TABLE public.home_command_mapping OWNER TO postgres;

--
-- Name: home_command_mapping_id_seq; Type: SEQUENCE; Schema: public; Owner: postgres
--

ALTER TABLE public.home_command_mapping ALTER COLUMN id ADD GENERATED BY DEFAULT AS IDENTITY (
    SEQUENCE NAME public.home_command_mapping_id_seq
    START WITH 1
    INCREMENT BY 1
    NO MINVALUE
    NO MAXVALUE
    CACHE 1
);


--
-- Name: home_vendor; Type: TABLE; Schema: public; Owner: postgres
--

CREATE TABLE public.home_vendor (
    id bigint NOT NULL,
    name text NOT NULL
);


ALTER TABLE public.home_vendor OWNER TO postgres;

--
-- Name: home_vendor_id_seq; Type: SEQUENCE; Schema: public; Owner: postgres
--

ALTER TABLE public.home_vendor ALTER COLUMN id ADD GENERATED BY DEFAULT AS IDENTITY (
    SEQUENCE NAME public.home_vendor_id_seq
    START WITH 1
    INCREMENT BY 1
    NO MINVALUE
    NO MAXVALUE
    CACHE 1
);


--
-- Data for Name: auth_group; Type: TABLE DATA; Schema: public; Owner: postgres
--

COPY public.auth_group (id, name) FROM stdin;
\.


--
-- Data for Name: auth_group_permissions; Type: TABLE DATA; Schema: public; Owner: postgres
--

COPY public.auth_group_permissions (id, group_id, permission_id) FROM stdin;
\.


--
-- Data for Name: auth_permission; Type: TABLE DATA; Schema: public; Owner: postgres
--

COPY public.auth_permission (id, name, content_type_id, codename) FROM stdin;
1	Can add log entry	1	add_logentry
2	Can change log entry	1	change_logentry
3	Can delete log entry	1	delete_logentry
4	Can view log entry	1	view_logentry
5	Can add permission	2	add_permission
6	Can change permission	2	change_permission
7	Can delete permission	2	delete_permission
8	Can view permission	2	view_permission
9	Can add group	3	add_group
10	Can change group	3	change_group
11	Can delete group	3	delete_group
12	Can view group	3	view_group
13	Can add user	4	add_user
14	Can change user	4	change_user
15	Can delete user	4	delete_user
16	Can view user	4	view_user
17	Can add content type	5	add_contenttype
18	Can change content type	5	change_contenttype
19	Can delete content type	5	delete_contenttype
20	Can view content type	5	view_contenttype
21	Can add session	6	add_session
22	Can change session	6	change_session
23	Can delete session	6	delete_session
24	Can view session	6	view_session
25	Can add driver	7	add_driver
26	Can change driver	7	change_driver
27	Can delete driver	7	delete_driver
28	Can view driver	7	view_driver
29	Can add car	8	add_car
30	Can change car	8	change_car
31	Can delete car	8	delete_car
32	Can view car	8	view_car
33	Can add command_mapping	9	add_command_mapping
34	Can change command_mapping	9	change_command_mapping
35	Can delete command_mapping	9	delete_command_mapping
36	Can view command_mapping	9	view_command_mapping
37	Can add vendor	10	add_vendor
38	Can change vendor	10	change_vendor
39	Can delete vendor	10	delete_vendor
40	Can view vendor	10	view_vendor
\.


--
-- Data for Name: auth_user; Type: TABLE DATA; Schema: public; Owner: postgres
--

COPY public.auth_user (id, password, last_login, is_superuser, username, first_name, last_name, email, is_staff, is_active, date_joined) FROM stdin;
5	pbkdf2_sha256$600000$WkxXOH5AapozQNT9IFzF7g$r+thp6b+y0zrd2tV4CjiHsLPCOePjRV+e0QOV7w15Sw=	2023-08-23 18:10:20.484+02	f	noc_engineer				f	t	2023-08-16 17:26:39.071+02
6	pbkdf2_sha256$600000$MqvTzn0DtY0mtVODyfY2Ts$WxdPHwDGjxE3lkzCdHsK4xZTJ6kwoJcAprkTsLRXA3o=	2023-12-04 19:27:11.841566+01	t	noc_manager	Noc	Manager		t	t	2023-08-16 17:28:10+02
\.


--
-- Data for Name: auth_user_groups; Type: TABLE DATA; Schema: public; Owner: postgres
--

COPY public.auth_user_groups (id, user_id, group_id) FROM stdin;
\.


--
-- Data for Name: auth_user_user_permissions; Type: TABLE DATA; Schema: public; Owner: postgres
--

COPY public.auth_user_user_permissions (id, user_id, permission_id) FROM stdin;
\.


--
-- Data for Name: django_admin_log; Type: TABLE DATA; Schema: public; Owner: postgres
--

COPY public.django_admin_log (id, action_time, object_id, object_repr, action_flag, change_message, content_type_id, user_id) FROM stdin;
11	2023-09-13 22:03:29.04+02	1	jantich	3		4	6
12	2023-10-10 20:39:30.471929+02	1	Driver object (1)	1	[{"added": {}}]	7	6
\.


--
-- Data for Name: django_content_type; Type: TABLE DATA; Schema: public; Owner: postgres
--

COPY public.django_content_type (id, app_label, model) FROM stdin;
1	admin	logentry
2	auth	permission
3	auth	group
4	auth	user
5	contenttypes	contenttype
6	sessions	session
7	home	driver
8	home	car
9	home	command_mapping
10	home	vendor
\.


--
-- Data for Name: django_migrations; Type: TABLE DATA; Schema: public; Owner: postgres
--

COPY public.django_migrations (id, app, name, applied) FROM stdin;
1	contenttypes	0001_initial	2023-10-10 19:54:43.937553+02
2	auth	0001_initial	2023-10-10 19:54:44.009087+02
3	admin	0001_initial	2023-10-10 19:54:44.020372+02
4	admin	0002_logentry_remove_auto_add	2023-10-10 19:54:44.02335+02
5	admin	0003_logentry_add_action_flag_choices	2023-10-10 19:54:44.026851+02
6	contenttypes	0002_remove_content_type_name	2023-10-10 19:54:44.032733+02
7	auth	0002_alter_permission_name_max_length	2023-10-10 19:54:44.036273+02
8	auth	0003_alter_user_email_max_length	2023-10-10 19:54:44.039845+02
9	auth	0004_alter_user_username_opts	2023-10-10 19:54:44.043729+02
10	auth	0005_alter_user_last_login_null	2023-10-10 19:54:44.047327+02
11	auth	0006_require_contenttypes_0002	2023-10-10 19:54:44.048916+02
12	auth	0007_alter_validators_add_error_messages	2023-10-10 19:54:44.052483+02
13	auth	0008_alter_user_username_max_length	2023-10-10 19:54:44.061203+02
14	auth	0009_alter_user_last_name_max_length	2023-10-10 19:54:44.065746+02
15	auth	0010_alter_group_name_max_length	2023-10-10 19:54:44.0717+02
16	auth	0011_update_proxy_permissions	2023-10-10 19:54:44.076376+02
17	auth	0012_alter_user_first_name_max_length	2023-10-10 19:54:44.080901+02
18	sessions	0001_initial	2023-10-10 19:54:44.088266+02
19	home	0001_initial	2023-10-10 20:36:28.734459+02
20	home	0002_vendor_command_mapping	2023-11-24 09:05:19.268687+01
21	home	0003_delete_car_delete_driver	2023-11-24 09:53:46.80689+01
22	home	0004_remove_command_mapping_uuid_command_mapping_id_and_more	2023-11-24 14:56:13.848983+01
23	home	0005_remove_command_mapping_vendor_and_more	2023-11-24 14:56:13.857624+01
\.


--
-- Data for Name: django_session; Type: TABLE DATA; Schema: public; Owner: postgres
--

COPY public.django_session (session_key, session_data, expire_date) FROM stdin;
0l4bj2li2cjeeg81cvbyxdgkga5i8wrs	.eJxVjEEOwiAQRe_C2hBgaCku3XsGAjODVA0kpV0Z765NutDtf-_9lwhxW0vYOi9hJnEWWpx-txTxwXUHdI_11iS2ui5zkrsiD9rltRE_L4f7d1BiL98afCI7GeOyH4kRQevsPWuwQ7RqQHCTIvTGMurETmmVCPxoAW1GJhLvD9jyOAI:1qJwX5:RYSQYJNo6yYyqR47Jv03DBJC4lG_3aO72bDyYgSPXCQ	2023-07-27 15:38:59.846+02
0zc33dnj2na8wnfa22pt5yoq0yfuztoe	.eJxVjE0OwiAYBe_C2hD5F5fuewbyAQ-pGpqUdmW8u23ShW7fzLw3C7QuNawdcxgzuzLBTr9bpPRE20F-ULtPPE1tmcfId4UftPNhynjdDvfvoFKvW-2MIGu1JQGNcrHlTERwcA4JwoikyFtTlCStHIz3kG4LVIoKEtKyzxfsszgM:1qOgVb:wnk_fvweHgQtoNZ505q0OYkw1V6mGHnj_MCtG0KCvfI	2023-08-09 17:33:03.439+02
29200b4iy6votsbrqj74vttmkmjf8byz	.eJxVjEEOwiAQAP_C2RCgSMGjd99Alt1FqgaS0p6MfzckPeh1ZjJvEWHfStw7r3EhcRFOnH5ZAnxyHYIeUO9NYqvbuiQ5EnnYLm-N-HU92r9BgV7GNkwmWYCEKp8xB-8AFZAyjoLJMPkQLNmZjUbQzGw9Gkw-s1dZa5jF5wsCKzjC:1qYqZ2:PPJmXl1VV1XBzEjBpNbXeFU-9teT5eEz9-oeESjIm3s	2023-09-06 18:18:36.5+02
2dxis49eid387d3n9azo7off7j56c3td	.eJxVjDsOwjAQBe_iGlmO4y8lPWewdr0bHEC2FCcV4u4QKQW0b2beSyTY1pK2zkuaSZyFE6ffDSE_uO6A7lBvTeZW12VGuSvyoF1eG_Hzcrh_BwV6-dY2K1TBcggcyBBHGI3zaMkAeD0STS4wZ6-NRZ-jiX7QyDGz8hGGyYn3B_ZUOFQ:1qgMsn:A_aMehWuHawbSwqAUAPBTEHRey-BV4SyMnbv3G09X5k	2023-09-27 12:14:05.997+02
3s38qmrii0fvyttv4b1ug8om93jrk63u	.eJxVjDsOwjAQBe_iGlnetddrKOk5g7X-gAMokeKkQtwdIqWA9s3Me6ko69Li2usch6JOyqvD75YkP-q4gXKX8TbpPI3LPCS9KXqnXV-mUp_n3f07aNLbt2ZAsGCTKSE5LCZYRkJvkAWCN0UMY6YrCnoGIYJjsFKd40REHEC9P5upNd0:1qWIU0:O0KCfQtw6bc3C87mvh4om1TYxHccpxOs4vTLCWHK45E	2023-08-30 17:30:52.27+02
3yl40zcr7phofsumeio3zhzy54wdpbii	.eJxVjDsOwyAQRO9CHaHlYz4p0_sMaFkgOImwZOwqyt1jSy4STTfvzbxZwG2tYet5CVNiVybY5beLSM_cDpAe2O4zp7mtyxT5ofCTdj7OKb9up_t3ULHXfS2dhwEJPRihXVISIugCojhtbSQFaGBPjt4oAgUWgaR3umQatDLAPl-0KTaY:1qKD0W:D1m3Pbv1hh1hU3bbFI0Eg5f8B-zjce_PYLLzBIHdOKs	2023-07-28 09:14:28.653+02
5u2d6adh1k6lwdmqtpy91zrvklfkk9an	.eJxVjEEOwiAQRe_C2pBCgRlcuvcMZJihUjVtUtqV8e7apAvd_vfef6lE21rT1sqSRlFn5dXpd8vEjzLtQO403WbN87QuY9a7og_a9HWW8rwc7t9BpVa_NWDukIPzzveDDSQ-AzgOwIXIxB6RqECMbEBQbOEB2Njcsbdi0KB6fwDgGDfl:1qY5ps:Nrd_lZkjwBdwd0c8yG94vgtsT03vfnmgDjzZH9uieYA	2023-09-04 16:24:52.174+02
7fwjhc0lynalsvnclzdnw771sp99v7ix	.eJxVjM0OwiAQhN-FsyH8LNB69O4zENhdpWogKe3J-O62SQ96m8z3zbxFTOtS4tp5jhOJs_Di9NvlhE-uO6BHqvcmsdVlnrLcFXnQLq-N-HU53L-DknrZ1tmY5IBHi0obQAUarFIqeHLKEZtAmok9arOFNARiC7c8APjRGkQQny_FfzdY:1qdAtu:EzKQfwPI3D7EXpxRlF5TuR8defMhmZIWU4ufAsh0sXQ	2023-09-18 16:50:02.575+02
7pxkx9m1rtox1mzk8xs58fdwug29e9gm	.eJxVjEEOgjAQRe_StWk6pQzg0j1naKadqUVNSSisjHcXEha6_e-9_1aetjX7rcriJ1ZXheryuwWKTykH4AeV-6zjXNZlCvpQ9EmrHmeW1-10_w4y1bzXg4logk29s8DQIEIfIApbQUOOG0iSoDMJmbFtjeli3OVEyI4GsKA-X9nON8A:1qYsNp:RmK-qb5dSw6rmmGsZ_LKpronK8X5vw-GzCdrnUUfKvs	2023-09-06 20:15:09.727+02
7t92nszd32entm9752y5nsh6v72eflr5	.eJxVjEEOwiAQRe_C2pCWgSl16d4zkGEGbNVAUtqV8e7apAvd_vfef6lA2zqFraUlzKLOCtXpd4vEj1R2IHcqt6q5lnWZo94VfdCmr1XS83K4fwcTtelbj95ARowxS-RBUmb0PqM1znRupNEkNuiGiGBBLBKYJJBJOscA3Pfq_QH1eTgL:1qc4Wz:8RkzB0eqHE7jbhooWFOYe_CcKUtgcUshv5f9HNp8DE8	2023-09-15 15:49:49.39+02
88uorluen49k7dp15w39b9n5ctiqvx4v	.eJxVjMsOwiAQRf-FtSEwAx3q0r3fQHgMUjU0Ke3K-O_apAvd3nPOfQkftrX6rfPipyzOQovT7xZDenDbQb6Hdptlmtu6TFHuijxol9c58_NyuH8HNfT6rROmZMAaiIV0VmFELgNpcgky2BGVg2KZECzlqK0GV5AVFuJCQwxGvD_TfDd1:1qRbgi:a0uJ1IwFynUqT1rkqvv9nBQhhuyRzElgWbf2nd4eKAk	2023-08-17 19:00:36.787+02
bmk3b56ibqhzthcwwxd8pqpov1uw6iwp	.eJxVjMsOwiAQRf-FtSFDebt07zcQhgGpGkhKuzL-uzbpQrf3nHNfLMRtrWEbeQkzsTMT7PS7YUyP3HZA99hunafe1mVGviv8oINfO-Xn5XD_Dmoc9VvnYhWCAeEgek9uEuh0lh40lmTBK0PWKLR2Qu1c8dlDVAokOiKptWXvD8cBNv0:1qU914:XOJT2VLcM--IJbqtHBIM1M3eum5fqoSX83dcODUbQzo	2023-08-24 19:00:06.783+02
fcx0xm2bdykijd1v5xq377l5ss91scke	.eJxVjMsOwiAQRf-FtSFlyqO4dO83EGYYpGogKe3K-O_apAvd3nPOfYkQt7WErfMS5iTOworT74aRHlx3kO6x3pqkVtdlRrkr8qBdXlvi5-Vw_w5K7OVbO23GqLPKyCpbGnCcrPcuT5kVOyajEmowIyAAUHLgNVg1AGqNzhCK9wfm2Deh:1qc1q3:KZnErOfDAiOj_QbvVsX93b4N2nFBpIGazTF7ZSQrFgw	2023-09-15 12:57:19.907+02
hazch81ofyqogv5nfmh5owii2l2p6mqi	.eJxVjMsOwiAQRf-FtSFDebt07zcQhgGpGkhKuzL-uzbpQrf3nHNfLMRtrWEbeQkzsTMT7PS7YUyP3HZA99hunafe1mVGviv8oINfO-Xn5XD_Dmoc9VvnYhWCAeEgek9uEuh0lh40lmTBK0PWKLR2Qu1c8dlDVAokOiKptWXvD8cBNv0:1qRc9k:Wq6x_KFTwhaqIpjICb78FPqnWqODT6sxxDUEC5MU8mU	2023-08-17 19:30:36.772+02
kbaygbp9h98v6dsphocr0t6djybcdlhe	.eJxVjDsOwjAQBe_iGlmLQ_yhpOcM1np3jQPIluKkQtwdIqWA9s3Me6mI61Li2mWOE6uzsurwuyWkh9QN8B3rrWlqdZmnpDdF77Tra2N5Xnb376BgL99aCJI3lhAGzwPkYEIAMicn4kWcJctH8IlCHo3HDHl0lgVM4IyWh6TeH-9qOHQ:1qb1dn:KPviyuvtOnGhGYqIBLC3PFxevA29nSejxp9db3YpE-0	2023-09-12 18:32:31.434+02
odwrfzmtwagz3rzi2s833gfztcxo0n26	.eJxVjEEOwiAQRe_C2hCGgQIu3XsGMjBUqoYmpV0Z765NutDtf-_9l4i0rTVuvSxxYnEWIE6_W6L8KG0HfKd2m2We27pMSe6KPGiX15nL83K4fweVev3WAY12lhENZVPSQFaBgWQTjJbAsjKoMTCXAH7EQTmFXnFwNiftM4N4fwC_xzb_:1qDTMo:GfKAdyRwzVjvQZPRAQ5aZl9_Bg1jc1LiHc8QEFA2nWs	2023-07-09 19:17:38.436+02
s9u5oecw7y01ko6ryaqx4puf7virqpqb	.eJxVjL0OwiAYAN-F2RCgiuDo7jMQvj-pGkhKOxnf3ZB00PXucm-V8raWtHVe0kzqorw6_DLI-OQ6BD1yvTeNra7LDHokerdd3xrx67q3f4OSexlbK5ZIThK9cY6zpzOgCBuDQMQh0hQyYHCTMHpjQcBGATM5d0RDUX2-H8M5Sg:1qgW6p:pUzYWNNMa5KkFkxekapeJRykfkg5xbpGTyJUPiHceXw	2023-09-27 22:05:11.335+02
sx4lb2la3j435qpdml8onu4v2c9tdrnf	.eJxVjMsOwiAQRf-FtSGUNy7d-w0EZgapGkhKuzL-uzbpQrf3nHNfLKZtrXEbtMQZ2ZlZdvrdcoIHtR3gPbVb59DbusyZ7wo_6ODXjvS8HO7fQU2jfutMTktnSFghJwCXs9equOyNAqFQFJAUpBGKZDLaWYtp0qE4SxiCDJ69P9cuN1Q:1qaei1:w3z1vOrDlpDXl0wRjypSjicUDcxX0Epuerx7ZmKNhas	2023-09-11 18:03:21.463+02
sz8mduo4v6t91polarqgr4gpvj8j7w9e	.eJxVjDsOwjAQBe_iGlly4qwdSnrOYD17d3EAJVI-FeLuECkFtG9m3sskbGtN2yJzGticDZnT75ZRHjLugO8Yb5Mt07jOQ7a7Yg-62OvE8rwc7t9BxVK_dUvkugyUrL1TBsDadU69hgLfO260tEFIAwUPjZIFEVEo9OwpN-b9ASFdOWc:1qahME:jqMWoikq9vru58Ckrzl-oYSAtWyV4aowu7dsgpDLHqA	2023-09-11 20:53:02.795+02
u6g3ie3762kdbkzd5zdf76npxmugw50u	.eJxVjMsOwiAQRf-FtSFDebt07zcQhgGpGkhKuzL-uzbpQrf3nHNfLMRtrWEbeQkzsTMT7PS7YUyP3HZA99hunafe1mVGviv8oINfO-Xn5XD_Dmoc9VvnYhWCAeEgek9uEuh0lh40lmTBK0PWKLR2Qu1c8dlDVAokOiKptWXvD8cBNv0:1qRxCb:uG3QVSXtIqj-aVaEqlTusWLIHSWhRxfMocA0mdcuiS0	2023-08-18 17:58:57.209+02
z4fgtbyftsx9ulgpmwk6vewg9gbo6cfn	.eJxVjEEOwiAQRe_C2hBaYaAu3XsGwjCDVA0kpV0Z7y5NutDte-__t_BhW7PfGi9-JnERgzj9MgzxyWUX9AjlXmWsZV1mlHsiD9vkrRK_rkf7d5BDy30NSUeVKIWBGRDY6kSUSBujeHIWuhtdVIaRVGdooyFQ4KbRskU4i88XE3U4dg:1qBC6Z:m61BSxOoHg-da3lR5EjpGXxXIDaQakm6vlHUjvcrVNA	2023-07-03 12:27:27.492+02
7jraphvzgds44szs7yjsdwfhaufccvhl	.eJxVjEEOwiAQRe_C2hCwAwGX7j0DGWYGqRqalHbVeHdt0oVu_3vvbyrhutS0dpnTyOqivDr9bhnpKW0H_MB2nzRNbZnHrHdFH7Tr28Tyuh7u30HFXr91cJEiOEciIGA8GcnkwiDgC2dEsGIlRyZTGJGoBC5nhiKDIbJB1PsDFNc55A:1qqHcc:r5Dww9VxrEib08l5sQ-n0_BIWAzgQsJXtCTXcpR7u4M	2023-10-24 20:38:22.637265+02
3p8xcjblcd3gzbtebeu8ee4buvbcta4o	.eJxVjEEOwiAQAP_C2RBKVwGP3vuGZpddpGogKe3J-HdD0oNeZybzVjPuW573Juu8sLqqizr9MsL4lNIFP7Dcq461bOtCuif6sE1PleV1O9q_QcaW-9YQAgx0Bj8AAaQ4siSJwEyYArsxJDLCEKxHsi6iN2xcStEyeyD1-QILazlQ:1qqZKj:Ldoiq4FNOBLDSMP-Vaop8NceuftgsVOjbzJebZUY29M	2023-10-25 15:33:05.389051+02
hwvpl9u1z82j6vypgn7npup8yd1r5jij	.eJxVjEEOwiAQRe_C2hBhoIBL956BDMwgVUOT0q6Md7dNutDtf-_9t4i4LjWunec4kriIQZx-t4T5yW0H9MB2n2Se2jKPSe6KPGiXt4n4dT3cv4OKvW41aNI-Q4KswDD6kozy7mwtkx1cCk4VpSFkZHDGK-LAbMwmFFbWYRGfL9gCN7E:1qyUua:gBmCSlUXJvV6PLdINoa1Dl4pfiA1sq6BswSkq1Es5JU	2023-11-16 11:26:52.653153+01
8048q7upkm2w333do4eh6kttclqack66	.eJxVjEEOwiAQRe_C2pBCGZhx6d4zkKEMUjVtUtqV8e7apAvd_vfef6nI21rj1mSJY1Zn5dXpd0s8PGTaQb7zdJv1ME_rMia9K_qgTV_nLM_L4f4dVG71W0tXDCSD1lIhS46LK4jgGYF7MA6GhLmTAGSD9OgSCHoi6l0KJiOp9wfKMDbp:1r06Yn:eSzX0b9dCKnmV3_87SPbd_jEKyn92VbouM3FJowvtm8	2023-11-20 21:51:01.694142+01
m14jquc846qrirjiufuwrjph459s42vq	.eJxVjEsOwjAMBe-SNYrSOIkLS_Y9Q-XYLimgVOpnhbg7VOoCtm9m3sv0tK2l3xad-1HMxSRz-t0y8UPrDuRO9TZZnuo6j9nuij3oYrtJ9Hk93L-DQkv51jC4M7CiQGIXGbPHlNvAmCK4IXAEAoAobXbBN0jiFaNKwwpIzGLeH9deN_s:1r0NpP:uHCLJtylIdTX_g1Itr6m421sgA0ZWZdAwqaUG8J4dWg	2023-11-21 16:17:19.637271+01
7nhvbo14rel3v1y2ixeriuu6sy8afze9	.eJxVjEEOwiAQRe_C2pDCCBSX7nsGMjCDVA0kpV0Z765NutDtf-_9lwi4rSVsnZcwk7gIK06_W8T04LoDumO9NZlaXZc5yl2RB-1yasTP6-H-HRTs5VuDUQSKjCWDOALrbBkjuJy809kNEBmyBlKcAdCPESlD8l7RcCZMLN4f-Tc48A:1r6Rx9:7uDICjjPppLuci3d7CfIUsMiPFD_F_GibSgtFEKASyk	2023-12-08 09:54:23.588891+01
a07i3pavvuk7pc7eya22d47fken31q16	.eJxVjMsOwiAQRf-FtSE8ylBcuvcbyAwDUjU0Ke3K-O_apAvd3nPOfYmI21rj1vMSJxZnAeL0uxGmR2474Du22yzT3NZlIrkr8qBdXmfOz8vh_h1U7PVbk6ZAJSmk4JwnUFolKtq4QGNhYgtowbrBJzCJHGO2QQ9g_Fgccgbx_gD99jhf:1r6Xqs:-njrLVuMNwkvkZhefYMdZWOKj_yUzs4iTQQrGCwZR-c	2023-12-08 16:12:18.858114+01
yfw9s9btxozk02iv0ezbndoe2mi2phtn	.eJxVjEEOwiAQRe_C2hBKGWBcuvcMZAqMVA0kpV0Z765NutDtf-_9lwi0rSVsPS9hTuIsrDj9bhPFR647SHeqtyZjq-syT3JX5EG7vLaUn5fD_Tso1Mu3doo1WUZ20Y4R2OAwak_eW2tYD4CgNTqPaSQHOrFSwI4BGV3ORmXx_gDFbDca:1rADex:_mWkkXwsrFsZKwZJEeLi_uUAJlkALdus-J6h6j9ur_g	2023-12-18 19:27:11.843075+01
\.


--
-- Data for Name: home_command_mapping; Type: TABLE DATA; Schema: public; Owner: postgres
--

COPY public.home_command_mapping (when_asking, embedding, cli_command, id, vendor_os) FROM stdin;
see the routes received from a BGP neighbor	[-0.0012661625,0.00306363,0.01219242,0.02133501,0.0052647516,0.031933513,-0.02336363,0.00025789003,-0.02339123,-0.021762814,0.002954954,-0.015594154,-0.035714753,0.016670564,-0.0005399303,0.015732154,0.0020493201,-0.010557104,0.026123658,0.004961149,0.005585605,0.021942217,-0.0056097554,-0.042311218,0.0025685502,0.004754147,0.008424983,-0.026758464,-0.012606424,-0.013848436,0.006179011,-0.0012860001,-0.03336873,0.007879877,-0.010515704,0.025143847,0.005571805,-0.01824378,-0.0026220258,0.0051302006,0.013503433,-0.0005558867,-0.023957036,-0.022866825,-0.0074451733,0.01831278,0.00040408524,-0.01421414,-0.02856628,0.016049558,0.024881644,-0.014034738,-0.03665316,-0.01821618,0.011412713,0.020548401,0.003156781,1.3139778e-07,-0.0051440005,-0.011350612,0.03350673,-0.0016922416,-0.0033379078,-0.00035600038,-0.012737526,-0.0012972128,0.025475051,0.010515704,-0.007707376,-0.0043711932,0.023763834,0.017581373,-0.0036777363,0.0020286199,0.0056615057,-0.010446703,-0.009390992,-0.0142969405,-0.0004219823,0.022425221,0.014986947,-0.02537845,-0.033644732,0.028649082,0.011543814,-0.008307681,0.008411183,0.0046851463,-0.01222002,-0.008362883,0.0061479607,0.015607954,-0.005785707,0.0033844833,0.008811386,0.015069748,-0.009528994,0.019803194,0.015690755,-0.020548401,-0.017884975,0.019458191,-0.00608241,0.0025978757,-0.020479402,-0.001937194,-0.030912304,-0.016849967,0.032237116,-0.0042262916,-0.036018353,0.02848348,0.0021528213,0.01323433,-0.01740197,-0.01215102,0.02134881,-0.0048024473,0.008342182,-0.027020667,0.012744426,0.008280082,0.03358953,-0.00078488275,0.01930639,-0.0039054384,-0.012723725,-0.026951665,-0.0037605371,-0.005254402,0.011523114,0.03273392,-0.015718354,0.006185911,-0.008873488,0.005164701,-0.0031102055,0.0016430786,-0.00917019,-0.019099388,0.0022597723,0.018050577,-0.0077418764,0.005595955,-0.008528484,0.03883358,0.03949599,0.032071516,0.0031964565,-0.023984635,0.009473793,-0.021693813,-0.006975969,-0.02329463,-0.008666486,0.019968797,0.0057546566,0.03342393,0.013820836,0.005475204,0.001623241,0.020369,0.014848947,-0.021417812,-0.01922359,0.038005576,-0.0024598741,0.01428314,-0.003248207,0.007527974,-0.009011488,0.0009867097,-0.016877566,0.021155609,0.015883956,0.03441754,0.010881407,-0.014014038,-0.0012911753,-0.011122909,0.013993338,-0.008914888,0.016794765,0.0025633753,-0.010336302,-0.00807998,0.011426512,-0.017733175,-0.01225452,-0.0022200968,0.0041952413,0.01323433,-0.009956798,-0.0037260368,-0.6398847,-0.023763834,0.017595174,0.0018060928,0.022963427,0.008397383,0.017650373,0.0072795716,-0.009177091,0.038999185,-0.008970088,0.02931149,0.012985928,-0.010950408,0.0019803194,-0.013655234,0.007169171,-0.020783005,0.03781237,-0.003139531,-0.009936098,-0.0045195445,0.010308702,0.024067437,-0.012461523,0.0065792147,0.0021545463,-0.04162121,-0.012337321,0.022687424,-0.052992523,0.01943059,0.014172739,-0.023253229,0.034169137,0.011626614,-0.0054269033,0.004743797,0.013531033,0.029753093,0.0041538407,-0.016711965,0.006813817,0.005275102,-0.012371822,0.0204242,0.018768184,-0.006372213,-0.009425493,-0.023225628,0.018726785,0.005547655,-0.011619714,-0.008838987,0.0099153975,-0.00509225,0.007013919,-0.004974949,0.0097980965,-0.009825697,-0.01627036,0.036929164,-0.013420632,-0.01943059,0.0203552,-0.005175051,-0.019996397,-0.013027328,0.017070768,0.0150421485,0.039219987,0.022922026,0.0071622706,0.007210571,0.018795785,0.022646023,0.005378603,0.011971618,-0.017429572,0.0028773283,-0.015939157,-0.0017474422,-0.039164785,-0.0077625765,0.018630184,0.008418083,-0.018906185,-0.01638076,0.006796567,0.0041538407,-0.0010462228,0.000405379,-0.008680286,-0.027600272,0.0005498492,0.03251312,-0.0028825034,0.009804997,0.012123419,-0.022577023,0.0028307529,-0.0033258328,0.012033719,0.0029256288,0.04272522,-9.121027e-05,-0.0017370922,0.010598504,-0.0016672289,-0.023267029,-0.002948054,-0.0074520735,-0.018781984,-0.0065792147,-0.0092115905,-0.031188307,0.004164191,0.001580978,0.012689225,-0.021542013,0.021555813,-0.0014300391,0.025682053,-0.019071788,0.009880898,0.044160433,0.025268048,-0.031795513,0.0020786454,-0.009018389,-0.010460503,-0.025074847,0.0045160945,0.003051555,0.013537933,-0.021059006,-0.0020182698,-0.00023330854,-0.02435724,-0.02939429,-0.008293882,0.026799863,-0.008687185,-0.0090942895,-0.014324541,0.010784806,-0.008618185,0.004767947,-0.019085588,0.021031408,0.021183208,-0.00013412007,-0.0066516655,-0.012744426,0.011392012,-0.0142969405,-0.010495003,0.0032413069,-0.009425493,-0.013427532,0.006203161,0.0046644458,-0.01635316,0.016132358,-0.009542794,-0.018781984,0.022094017,0.01326883,0.010377702,-0.025847655,-0.0036984363,-0.029007886,-0.017581373,0.014545343,-0.013448233,0.009045989,-0.013813936,0.017139768,0.028787084,-0.0006253187,0.0059444085,0.015883956,-0.010529503,-0.008362883,0.019016588,0.012896227,0.02139021,-0.0007995454,-0.02533705,0.025005845,-0.0096393945,0.014310741,-0.016642964,0.022742623,-0.005861608,0.0058443574,-0.005806407,0.028731883,-0.00509225,0.011454113,0.026979266,-0.025571652,0.028041877,-0.013579334,-0.020838205,-0.019030387,-0.005696006,-0.029007886,0.029863494,0.011944017,0.0001915847,-0.03378273,-0.015456152,-0.014890347,-0.015193949,0.018050577,-0.005571805,0.030056696,-0.0022149219,-0.0011997493,-0.015952958,0.009784296,0.018933786,0.014752345,-0.0039295885,0.0067689666,-0.003144706,0.0154699525,-0.009646295,0.008763086,0.0101431,0.028952684,0.009687696,0.004174541,0.029173488,0.0053130523,-0.0021959466,0.00038661945,0.010888307,-0.033285927,0.011840517,0.01320673,0.030001495,-0.008245581,0.023543032,0.014338342,0.019389192,-0.0017888426,-0.0032378568,0.0043987934,0.012827226,-0.0049542487,-0.007286472,-0.010329402,0.0009944723,-0.012778926,0.028235078,0.05685656,0.04642366,0.01730537,0.010564004,0.00710707,0.012979028,-0.0049335486,0.034031134,-0.013931237,-0.028952684,0.0057408568,-0.037122365,0.0044919443,0.021417812,-0.01629796,0.0009340967,-0.0010824482,0.012095819,0.026703263,-0.0038329877,-0.024053637,-0.006827617,0.015856355,-0.032292318,-0.016477361,0.017139768,0.025475051,-0.0097980965,-0.0026686012,-0.008362883,0.027752073,-0.012399422,0.0050749998,0.00054639915,0.005985809,-0.012875527,0.0006287687,-0.011881917,-0.012682325,0.004867998,-0.005768457,0.0051267506,-0.0018906186,-0.022094017,-0.0014585019,-0.053351324,-0.01320673,0.030884704,-0.00714157,-0.003161956,-0.031022705,-0.012834126,0.0038916382,-0.029035486,0.0022908226,-0.022439022,-0.012082019,0.0063411626,-0.0035742351,-0.005178501,-0.005771907,0.026096057,0.009977498,-0.0304707,-0.03764677,-0.024481442,0.005889208,0.0035207598,0.003946839,0.0054200036,-0.015138749,-0.012233821,-0.03880598,-0.0032016316,-0.01731917,0.010025798,-0.022411421,-0.0012092369,0.008673386,0.017429572,-0.0038709382,0.021721413,0.009356492,-0.019458191,-0.007617675,8.916182e-05,-0.009749796,0.005934058,-0.030663902,-0.017581373,0.026496261,0.009246091,0.03963399,0.017056968,0.0044091432,0.030746702,-0.021983616,-0.009729096,0.0026789515,0.0031809313,0.013330931,-0.011868116,0.028621482,-0.004788647,0.0048403977,-0.005696006,-0.012827226,0.022052618,-0.0058202073,-0.00022899601,-0.01317913,0.002216647,-0.029918695,0.0014429768,0.027034467,-0.0041538407,-0.0039399387,0.009742896,-0.012295921,-0.017070768,-0.012068219,0.006603365,0.0137863355,0.015649354,0.018188579,-0.006417063,-0.042145614,-0.006317012,-0.009294392,0.038309176,-0.00710707,0.002444349,-0.023970837,-0.017871177,-0.028814685,-0.017125968,-0.008280082,-0.02246662,-0.009922298,-0.042256016,0.007245071,0.020879606,0.04289082,0.012571923,-0.0107779065,-0.010798606,0.018533582,-0.023819035,-0.0038709382,0.019554792,0.009066689,-0.002232172,0.025916655,0.010757206,0.0008944213,-0.014352141,0.004574745,0.004240092,0.0027134516,0.022659823,-0.0065792147,0.019720394,0.0093288915,0.008342182,0.0020389701,0.008411183,-0.013765636,0.018602584,-0.013558634,-0.003367233,0.007603875,0.025268048,0.01621516,0.009722196,0.0122614205,-0.03662556,-0.017995378,0.010025798,-0.019789394,0.005399303,0.0036259857,0.0042331917,0.008949388,-0.013482733,0.004943899,-0.0046851463,-0.016974168,0.0066585657,-0.0074934736,0.029063087,-0.024881644,-0.014393542,0.028952684,-0.015635554,0.008611285,0.015290551,0.019941196,0.010391503,-0.011764616,0.025502652,-0.024647042,-0.027945274,-0.0039399387,0.016408361,0.0105019035,-0.024564242,-0.014545343,-0.028649082,-0.0032188818,0.010867607,0.0055511044,-0.008832087,-0.024605643,-0.02742087,0.0065309145,0.005889208,0.020520803,-0.015566553,-0.019775596,-0.014641944,-0.0071622706,-0.015594154,-0.03447274,-0.025281848,0.027724473,-0.0023442982,0.020465601,0.021224609,-0.005423453,0.016118558,0.017429572,-0.011750815,-0.019872196,0.018022977,-0.027144868,-0.03447274,-0.007652175,0.013951938,-0.0009340967,0.0025685502,0.013848436,-0.033285927,0.007341672,0.0018060928,-0.0062618116,-0.0031964565,-0.031188307,-0.0061341603,-0.010639905,-0.005288902,0.022590822,-0.01625656,-0.011419612,0.020079197,-0.0032413069,0.008749286,-0.017360572,0.02438484,-0.0014464267,0.010081,0.015732154,0.017043168,-0.008211081,-0.016767165,-0.009515193,-0.01420034,-0.0016103033,-0.007976479,-0.0025909755,-0.007224371,-0.017746976,0.012806526,0.013779435,-0.0050439495,-0.03350673,-0.009701495,-0.0016137534,-0.016946567,-0.020106798,-0.027807273,-0.004995649,-0.008569884,-0.030167097,-0.022715023,0.031823114,-0.013344731,-0.018381782,-0.018561183,-0.0038329877,0.01832658,-0.020562202,0.02840068,-0.015635554,-0.01609096,-0.024812644,-0.004795547,-0.013917437,-0.011950918,0.014310741,0.02136261,0.0031757562,-0.019816995,-0.018823385,0.024150237,0.0022235468,-0.02127981,0.027255269,0.006009959,0.003960639,-0.0014576394,0.008562984,0.0003775631,0.052799318,-0.023736233,-0.014959347,0.02748987,-0.012344222,-0.032954723,0.03563195,-0.013793236,0.02532325,-0.008369782,-0.01215102,-0.0028859535,0.01221312,-0.00063955004,0.021776615,-0.01522155,0.022107817,-0.008480184,0.007224371,0.0015292276,-0.013261931,0.0028117776,-0.016435962,0.017015567,0.029615091,-0.005282002,-0.0029653043,-0.012068219,-0.004888698,0.0046230457,-0.008411183,-0.006713766,0.005392403,0.00020322857,-0.02339123,0.022439022,0.011281611,-0.012813427,0.014310741,-0.010867607,-0.0126547245,-0.033948336,0.014779946,0.01832658,0.0036225356,-0.011847417,-0.015759755,0.004481594,0.058457375,0.013648334,-0.006289412,-0.0009875722,0.022135418,-0.040020395,-0.0021838716,0.0063825627,0.019085588,-0.043166824,0.0101845,-0.0056477054,-0.021997416,0.03138151,0.0014360766,-0.026758464,-0.020796806,0.0101224,0.00035880355,0.014490142,-0.015525153,0.017967777,0.010612304,-0.0074727735,-0.009349592,0.0006662878,0.012461523,0.006786217,0.016849967,0.025723454,-0.019361591,0.0010255226,-0.00913569,0.012875527,0.024591843,0.0019820444,-0.02328083,0.021624813,0.013013528,-0.0017129419,-0.0150007475,0.02341883,-0.007024269,-0.025033446,0.031878315,0.0057581067,-0.0066551156,0.031215908,0.00014285296,-0.008335282,0.0040296395,-0.019734195,-0.018699184,-0.024660842,-0.012364922,-0.010605404,-0.020148199,-0.012565023,0.0404896,-0.0021096957,-0.007189871,-0.009591094,-0.03273392,-0.028787084,-0.010702006,0.019499592,0.0049473485,-0.0059375083,0.0051509007,-0.008169681,0.010039599,-0.025889056,0.022204418,0.0010565729,0.004146941,0.020396601,-0.0067620664,0.017664174,0.0062859617,-0.017981578,-0.015414752,0.02339123,0.00405034,0.006993219,0.020921007,-0.01322743,-0.03149191,-0.016228959,-0.022094017,0.0130066285,0.010819307,0.013441333,-0.043967232,0.003977889,-0.0032240567,0.01727777,-0.025143847,-0.020493202,0.017429572,0.015193949,0.0073830727,-0.024053637,-0.0023184228,-0.008487084,-0.011536914,0.021404011,0.0034690092,-0.0069138682,0.04700326,0.003767437,0.010426003,0.01117121,0.019361591,-0.016339362,-0.010805506,0.008459483,0.004698946,0.006596465,0.0061307102,-0.0070449696,-0.017857376,0.024605643,0.0053613526,0.0010289727,-0.023750033,0.0012471873,0.03231992,-0.025709653,0.0043470426,-0.011978518,-0.011709415,-0.0053682528,0.018699184,0.022894425,-0.027917676,0.02748987,-0.0031671312,-0.019968797,-0.008873488,-0.011543814,-0.014110639,-0.0051336507,-0.03764677,0.18558423,-0.010522604,-0.004754147,0.0051336507,-0.022149218,0.020023998,-0.00017153137,0.037205167,0.008921788,0.015345751,-0.011812916,-0.0069449185,-0.018147178,0.0030015295,0.00914949,0.018837186,-0.036128756,-0.007438273,-0.00040494773,-0.0016042658,0.00044074183,0.00078919524,-0.004260792,-0.019182188,0.035300747,0.021983616,-0.02442624,0.003995139,0.031077906,0.03353433,-0.016794765,-0.026855065,-0.008611285,-0.017760774,0.01421414,0.0027220768,0.019637594,0.017995378,0.036901563,0.026054656,0.005168151,0.003055005,-0.0025374999,-0.018699184,0.011060809,-0.003977889,-0.0026944766,-0.019927396,0.01609096,0.0030929556,-0.028593881,0.0019837695,-0.0040365397,0.0062411116,0.0075486745,-0.0069414685,-0.0006568002,0.025157647,0.023239428,0.012295921,-0.013089429,0.039081983,-0.042007614,0.04167641,-0.0021045208,0.022135418,-0.0070553194,0.01216482,0.03841958,-0.024550442,0.02228722,-0.009066689,0.018919986,-0.023446431,-0.018961387,-0.018961387,0.0072657717,0.007527974,0.022149218,0.0105019035,-0.009660095,0.0061583105,-0.012778926,0.017967777,-0.017457172,-0.02228722,0.015511353,-0.0077625765,-0.03237512,0.019858396,0.018892387,-0.009825697,0.0009047714,-0.0065240143,0.014462543,0.020852005,-0.005482104,0.02939429,-0.0097980965,0.0073278723,-0.018864786,0.05003929,0.037950374,-0.02125221,-0.018933786,-0.008866588,0.023446431,0.016518762,0.010971108,0.0016172035,-0.01718117,-0.03949599,0.013344731,-0.00045626698,-0.0017905677,0.00710017,-0.015483753,-0.03251312,0.0046885964,-0.0048058974,-0.01522155,-0.03565955,-0.007707376,0.011260911,-0.016394561,0.031933513,-0.008907988,-0.020645004,0.0154285515,-0.008480184,0.020658804,-0.022577023,0.030111896,-0.004867998,-0.011164309,0.01621516,0.013703535,-0.0203552,-0.019692793,0.01620136,0.016063359,0.0033793084,0.02127981,0.0138277365,0.011343712,-0.02541985,0.01824378,-0.013558634,-0.026151257,-0.021197008,-0.02958749,-0.029283889,-0.009735996,0.020796806,0.012523623,0.003346533,-0.025309449,-0.03353433,0.025958056,-0.0075693745,-0.034859143,-0.002842828,0.024150237,-0.009591094,-0.0052475017,0.01709837,-0.17708334,0.023060028,0.0076383753,0.008597485,-0.0142969405,0.003158506,0.014338342,0.0042262916,-0.0021528213,0.0202448,0.035300747,0.020065397,-0.01627036,-0.01620136,-0.011053909,-0.00402274,-0.0017060417,0.017719375,0.0016611913,0.017029367,0.017112168,-0.021776615,0.03864038,-0.008031679,0.0056373556,0.016504962,-0.02116941,0.012585724,-0.013869137,-0.011647315,-0.0107779065,0.01523535,0.012502923,-0.009942998,0.013441333,0.010357002,-0.016339362,0.007748776,-0.015842555,0.03579755,0.033810332,0.031878315,0.01522155,0.023101427,-0.017857376,-0.0013826011,0.00054165535,0.007976479,2.8624501e-05,0.012889327,0.024633242,-0.0030826053,-0.009832596,-0.0026944766,-0.0031809313,0.023860434,0.028897485,0.013365432,0.011605915,-0.02851108,0.0009116715,-0.005675306,-0.008355983,-0.025226649,-0.028621482,-0.0035086845,-0.007534874,0.020010198,-0.026040856,-0.007603875,-0.018906185,-0.0058305576,0.011102209,-0.028207477,0.03447274,0.011619714,-0.007610775,0.013110129,-0.006731016,0.0037329367,0.0007684951,0.049956493,0.0015042148,0.018919986,0.009025289,0.0059720087,0.003767437,-0.01225452,0.0043125423,-0.009936098,0.014641944,-0.01420034,0.035135146,-0.019389192,0.017429572,0.01316533,0.029946296,-0.021762814,-0.018754385,-0.031629913,-0.004284942,-0.0035431848,-0.02230102,0.008266281,0.0044884942,0.008535384,0.017332971,0.020148199,0.029090686,-0.015055948,-0.01932019,-0.024688443,0.0010608855,-0.0043159924,-0.014434942,0.014365941,0.007341672,-0.004433294,0.003977889,-0.01914079,0.037287965,0.0203138,0.019665193,-0.011385112,-0.004171091,0.0076659755,-0.10449463,-0.032292318,0.026868865,-0.015870156,-0.02145921,-0.008845887,0.001175599,0.02740707,-0.0013610384,0.020741604,-0.022880625,-0.02742087,0.013434432,0.004943899,-0.011930217,-0.019030387,-0.005202651,-0.0014153764,0.014007138,0.015331951,0.0048300475,-0.04380163,-0.0009116715,0.0123787215,0.021942217,-0.030663902,-0.024039837,0.010591604,-0.009225391,-0.00019104563,0.026247859,-0.012578824,0.02856628,0.013255031,-0.01609096,-0.012489123,-0.029173488,-0.0020682954,0.01929259,-0.017719375,5.859667e-05,-0.002023445,-0.0037501869,-0.00010506432,-0.03320313,-0.03458314,-0.021818016,0.04391203,-0.002644451,-0.025875255,0.008949388,-0.010798606,-0.02228722,-0.020189598,0.02134881,-0.00097290956,-0.03345153,0.03745357,0.0011807742,0.0020907207,-0.009453093,-0.011364412,0.0107365055,0.020921007,-0.007224371,0.012385622,-0.038750783,-0.015442352,0.0031291808,0.0048541976,-0.01621516,0.031823114,-0.014421142,0.0065033142,-0.029145887,-0.0147661455,-0.0015085273,-0.014655745,-0.000683538,-0.05680136,-0.011543814,-0.02739327,0.017691774,-0.02851108,0.0056546056,0.0072588716,-0.01520775,-0.011336812,-0.0075624743,-0.03345153,0.027600272,0.0064619137,-0.00016905167,0.0077901767,-0.005992709,-0.019844595,-0.005595955,-0.007803977,-0.009432393,-0.0020924455,-0.019057987,0.024964446,-0.028262679,0.02350163,-0.01420034,0.017029367,0.025226649,-0.015911557,0.01421414,-0.035742354,0.0028393778,0.008901088,-0.0092115905,0.023639632,0.0034448588,0.0063515124,-0.008763086,-0.027296668,0.030801903,0.0020027447,0.016228959,0.019002788,0.008459483,-0.0050163493,0.038336776,-0.0050301496,0.0033724082,0.028000476,-0.021804215,0.03353433,-0.0049266485,-0.031436708,0.019499592,-0.036708362,-0.0048334976,0.028207477,-0.018105779,-0.008293882,-0.0029635793,0.035024744,0.020037796,0.023860434,-0.014448742,-0.038943984,0.012240721,-0.01831278,0.01217862,-0.00022554597,-0.022839224,0.008562984,-0.0014593643,-0.011329912,0.0067620664,0.01709837,-0.0021666214,-0.045899253,-0.012806526,0.0012083744,-0.0077901767,0.0027945274,-0.020148199,-0.0508397,0.0405448,0.014959347,0.017884975,-0.00010355493,0.029891094,0.0118336165,-0.032043915,0.0068207174,-0.0053130523,-0.041814413,-0.030967506,0.007831577,-0.007610775,0.012516723,0.029035486,0.0062583615,-0.0069690687,-0.012516723,-0.027724473,-0.005806407,0.040434398,-0.04162121,-0.0023322229,0.013255031,-0.006182461,-0.019941196,0.02328083,0.0041055405,0.007838477,0.014407342,-0.02237002,0.0066758157,0.01322053,0.0016197909,-0.005392403,0.03643236,0.002760027,-0.004943899,0.014752345,0.0012316621,-0.03254072,0.01526295,-0.015718354,-0.013586233,-0.035328347,0.02931149,-0.029946296,-0.0304707,-0.032789122,-0.018050577,-0.0061307102,0.0059306086,0.019182188,0.023529232,-0.0064757136,0.016587764,-0.002951504,-0.017250169,-0.007941978,0.004554045,0.022245819,0.002232172,0.0041814414,0.008645785,0.00804548,0.0011221236,0.007320972,0.0031136556,-0.027186267,-0.024578042,-0.00036268483,-0.018050577,-0.02239762,-0.020382801,-0.030912304,-0.012709925,0.009032189,0.024481442,-0.03168511,0.09268171,0.01625656,-0.00054898666,-0.011812916,-0.008314582,0.03174031,0.0022977227,0.015856355,-0.010743406,-0.03828158,0.037232768,0.005261302,0.00101776,-0.041814413,-0.0048334976,-0.006486064,-0.003646686,-0.003355158,0.0038916382,-0.015276751,0.024453841,-0.020189598,0.012951427,-0.009404792,-0.0071346704,0.018022977,-0.00151974,-0.010101699,-0.0024529742,-0.038033176,0.0024598741,0.010681305,-0.02947709,2.218264e-05,0.0036156357,-0.0125374235,-0.018768184,-0.017967777,0.020382801,-0.00402274,0.008949388,0.006296312,-0.01322053,-0.038364377,0.02543365,-0.012054419,-0.02856628,-0.00040106644,-0.01428314]	show route receive-protocol bgp <neighbor IP address>	1	juniper_junos
see the PFE chip statistics	[-0.010619958,-0.0016534695,0.005226082,-0.025266971,-0.0027773392,0.01626203,-0.033698615,0.006718749,-0.03277575,-0.029308008,0.019100543,0.02897242,-0.013905923,0.0033401481,0.010214456,0.00054707815,0.0018230112,-0.020386964,0.010067636,0.004233301,-0.009871877,0.019100543,0.0057714125,-0.013360593,0.0014743145,0.016569652,0.005911241,-0.013822026,-0.040606134,-0.00875325,0.011158297,-0.0072500966,-0.02487545,-0.002102668,-0.039823096,-0.01982765,-0.010571018,-0.018904785,0.05184833,-0.00978798,0.03252406,0.009718066,-0.008515542,0.021002209,0.011913369,-0.011242194,0.0077884356,0.027308464,-0.009746032,0.010417207,-0.0051701507,-0.0009875372,-0.009424427,-0.02224668,0.018415386,-0.014087699,0.0074878046,-0.01423452,-0.018513264,-0.031629156,0.007543736,-0.022064904,-0.032160506,0.009298581,-0.018820887,-0.010305344,0.017338708,0.03104188,0.0010198725,0.011102365,0.0073060277,0.027490241,-0.01092758,0.010969529,0.022428457,-0.010186491,-0.006550955,0.014402313,0.015283232,0.01102546,0.016569652,-0.030566463,0.0011623226,0.018862836,-0.0024312644,0.016695498,-0.00029342092,0.027574137,-0.0029154196,-0.00776047,0.029280042,0.009529297,-0.014542142,0.008117032,-0.00092461455,0.031265605,0.007746487,0.011004486,0.014737901,-0.023029719,-0.0071312427,-0.0036739882,-0.0055337045,-0.011626722,-0.027518207,-0.01226294,-0.011640704,-0.012081164,-0.0019278824,0.000596455,-0.021253899,0.0077045383,0.024651727,-0.0099627655,0.01651372,-0.0028734712,-0.011500876,-0.0034642457,-0.0012470935,-0.017422603,0.035712145,0.0033226695,0.02877666,-0.014416296,0.02788176,-0.0009586977,-0.031880848,-0.018709024,-0.004977887,0.0069424743,0.029867321,-0.016695498,0.014304434,-0.012843228,-0.020610688,-0.0025606055,-0.023477169,0.0075926757,-0.0061559402,-0.016108219,0.0069774315,0.023197513,-0.0044814963,-0.01587051,0.0050687753,0.023281408,0.03355879,0.02407843,-0.011850447,-0.030035116,0.008284826,-0.011207237,0.0019348739,0.01963189,-0.02437207,-0.017017102,0.0009141274,0.023323357,-0.004023559,-0.014835781,-0.031824917,0.01354936,0.0041598915,0.03288761,-0.013849991,0.042395934,-0.014751884,0.008907062,0.0060895216,0.01215807,0.018485298,0.012409761,-0.009969757,0.020358998,0.041445103,0.0025448748,-0.017898021,-0.00059295935,-0.0056525585,-0.015548905,0.013933889,-0.0025973103,0.032244403,-0.0036739882,-0.010899615,0.00013338307,0.042312037,-0.0052086036,-0.025001297,-0.0035131855,0.018359454,-0.010263396,0.0010758039,-0.0332232,-0.64969814,-0.004663273,-0.0019366217,0.013416524,0.021365762,0.0135983005,0.011060418,-0.011004486,-0.017758192,0.025966112,0.014318416,0.0050303224,-0.002649746,0.003880235,-0.026525425,-0.03160119,0.003939662,-0.024414018,0.025882216,0.0063796653,-0.020051377,0.01596839,0.0038173122,0.022931838,-0.019981463,-0.0024434992,0.022847941,-0.007844367,-0.0049953656,-0.009711075,-0.016052287,0.022764044,-0.012976064,-0.00756471,0.043766253,-0.015730683,0.017702261,0.027755914,0.025742387,0.036858737,-0.023071667,-0.0054987473,0.012640477,0.006026599,0.004519949,0.02669322,-0.011423971,0.003831295,-0.008781216,-0.0332232,0.009396461,-0.00815898,-0.0028979413,0.017814124,0.0001139382,0.008061101,0.01477985,-0.01680736,-0.0075507276,-0.023323357,0.013591309,-0.002135877,-0.011927352,-0.015031541,-0.0060440777,0.018806905,-0.006208376,0.00018745729,0.013738129,-0.009627177,0.0021690864,0.016681515,-0.011794516,0.018457333,0.0341181,-0.001980318,0.017436586,-0.0065369722,-0.032300334,0.0056630457,-0.017562432,0.00489399,-0.029447837,0.0052330736,0.006634852,0.024330122,-0.033950306,-0.018764956,0.007718521,0.019436132,-0.0045059663,0.0044325567,-0.0011046435,-0.011333083,-0.0019663353,0.014570108,-0.01957596,-0.01458409,0.009815945,-0.0152273,-0.039767165,-0.020400947,0.008005169,-0.0005269778,0.048017032,0.021743298,0.0045653936,-0.009319555,0.008396689,-0.02743431,0.0027161643,-0.02179923,-0.01077377,-0.017478535,0.011326091,-0.03741805,0.018429369,0.0060720434,-0.016429823,0.003446767,0.0396553,-0.016010338,0.010787752,-0.011193254,-0.00048546633,0.027028807,0.018513264,-0.00020417114,-0.0047926144,-0.022931838,0.0027056774,-0.018583179,0.021449659,0.009368495,0.01315085,0.0022127826,0.0034677414,0.0012584545,-0.009941791,-0.021170001,-0.0001240976,0.034789275,0.0011623226,-0.012549588,-0.012360821,-0.020289084,-8.971405e-06,0.015632803,0.012444717,0.012402769,0.01809378,-0.015437042,-0.00090189243,0.027825829,0.028021589,0.00959222,-0.001992553,-0.019981463,-0.012004258,-0.017073033,-0.0018422377,0.013556352,-0.0012610763,-0.021253899,-0.028483022,-0.0066383476,0.0010093855,0.027014824,-0.007361959,-0.02189711,0.0035061943,0.013164833,0.004163387,0.014101682,-0.013968846,0.03109781,-0.007921272,-0.020303067,0.013863974,-0.030678326,0.0028210357,0.00023683415,-0.010689872,0.009871877,0.041892555,-0.0011579529,-0.0002591193,0.005268031,-0.009920817,0.021673383,0.008389697,0.00026807704,-0.014290451,0.026525425,0.0068830475,0.007718521,0.015213317,0.023966568,-0.0011247437,0.0031548757,0.02624577,0.01719888,0.017017102,-0.025252989,0.012374803,-0.042843387,-0.011612739,-0.04653485,0.022680148,0.042703558,0.015367129,-0.0056840195,-0.03445369,0.00021465827,-0.025966112,0.010997495,0.025099177,0.0019943009,0.0039221835,-0.026273735,0.0035935869,-0.01963189,0.02199499,-0.008976975,0.025266971,0.0024504906,0.024553847,-9.57496e-05,-0.0012007754,0.0040270546,-0.025574593,-0.0021166506,0.025420781,0.022875907,0.015590854,0.0076066586,0.02698686,-0.021771263,0.026050009,0.019520028,-0.00065719296,0.013982829,0.023295391,-0.003368114,-0.011088383,0.0076835644,0.018401403,0.017730227,-0.026077975,0.027727949,-0.002412038,0.010473139,-0.0054812687,0.019561976,0.0013065205,-0.013038987,-0.0031775977,0.024148345,0.0067572016,0.006911013,0.0151853515,0.002876967,0.013479447,0.0031775977,-0.014723918,-0.002756365,-0.035935868,-0.006862073,-0.012752339,-0.008096058,-0.010948555,0.0074528474,-0.0012007754,0.001719888,0.03277575,0.0011081392,0.0061384616,-0.022162784,-0.001313512,-0.00021378434,-0.022162784,-0.027839812,-9.1216105e-05,0.031629156,-0.013856983,-0.017394638,-0.004666769,0.020834414,-0.023672929,-0.007823393,0.000573296,0.011039443,-0.003032526,0.0006384035,0.006998406,-0.0028594884,0.009123796,-0.011584774,0.0014778102,0.016122201,-0.016919222,-0.009780988,-0.015828561,-0.031880848,0.04345863,0.0024277687,-0.011389013,-0.018177677,-0.00494293,0.013521395,0.0094384095,-0.0133116525,0.0027668523,-0.0012488414,-0.009389469,-0.011619731,-0.0032125548,0.0046457946,0.03582401,0.006502015,0.0085015595,-0.014905695,-0.012822254,0.023365306,0.06504812,0.011752567,0.011787524,-0.015171369,0.005848318,0.00904689,0.01181549,0.0049079726,-0.008655371,-0.00558614,0.00069215003,-0.010668898,0.005344936,-0.005526713,0.01438833,-0.0001815583,-0.015003575,-0.014122657,0.006110496,-0.0037439023,-0.0038837306,-0.010312336,0.030146979,0.002530892,0.021771263,0.029196145,0.043626424,0.04301118,-0.0010950302,0.02209287,-0.015143403,-0.011738584,-0.0014970365,0.023253445,-0.013870966,0.010766778,0.0024906914,-0.012137095,-0.0031741022,-0.015003575,-0.0019226389,0.0038277993,0.013486438,-0.022568285,0.008788208,0.009158753,-0.0050652795,0.017590398,0.007627633,-0.018079797,0.032216437,-0.007907289,-0.008459611,-0.00074327475,-0.009473367,0.012885177,0.014318416,-0.011382022,-0.009606203,-0.048911933,-0.02219075,-0.018149711,0.0067292363,-0.01957596,-0.024581812,0.014654004,0.00541485,-0.0535822,-0.014849763,-0.016765412,0.0075926757,-0.016667532,-0.031405434,-0.0009403452,0.025197057,-0.0013947871,0.0028122964,0.01893275,-0.022232696,-0.0037334152,-0.015395094,-0.008040126,-0.018429369,-0.019547993,-8.946825e-05,0.004236797,-0.0065334765,-0.017981917,-0.014192571,0.012829245,0.0037334152,-0.00038736805,0.044996742,-0.0017731974,-0.01745057,-0.0063447086,0.007075311,0.016443806,0.0048380587,-0.011102365,0.018317506,-0.03137747,-0.001467323,-0.009221676,-0.00014004676,0.012808271,0.0012479675,-0.0049743913,-0.032300334,0.0017059051,0.0071452255,-0.028692763,-0.0026445023,0.020037394,0.020191204,0.024344103,-0.0065719294,-0.00022033878,0.0073549678,-0.005278518,0.015884493,-0.006002129,0.0060370862,0.0008136258,-0.015087472,0.018121745,-0.023756826,-0.02476359,-0.037753638,0.00499187,-0.021589488,0.040326476,0.0036250483,-0.021072123,-0.02205092,-0.021365762,-0.01828954,-0.007285054,-0.005540696,-0.014220537,-0.032943543,-0.021631436,0.0052330736,0.010466147,0.015702717,-0.020778483,-0.023365306,0.004680752,-0.00097617623,0.012717382,-0.03585197,-0.016122201,-0.0097250575,-0.016401857,-0.028301245,-0.022372525,-0.012241966,-0.005946198,0.035376556,0.03000715,0.036299422,-0.00102599,-0.018583179,0.021687366,-0.010158525,-0.007921272,0.00013218142,-0.0033471396,-0.028105484,0.004429061,0.0065929038,-0.01626203,0.002135877,0.0041494044,-0.009599212,0.0075926757,-0.010808727,0.0018177677,-0.001945361,-0.00859944,0.0017618363,0.0067606973,-0.0009368495,0.035796043,-0.020652637,-0.01893275,0.00015654214,0.0019436132,-0.005372902,-0.0040270546,0.015604837,-0.021939058,0.036019765,-0.019450115,0.007445856,-0.015339163,-0.022428457,-0.025644507,-0.015674751,0.009794971,-0.004638803,0.040913757,-0.0010181247,0.01210913,0.003960636,0.024400035,-0.032719817,-0.010424199,-0.009403452,-0.007257088,-0.014500193,-0.034090135,-0.018820887,-0.02585425,0.0054323287,-0.0022949318,-0.021533556,0.021771263,-0.0018072806,-0.02185516,0.014807816,0.0024976828,0.008969984,-0.010710847,0.0332232,0.0249174,-0.013339618,-0.046702646,-0.015492974,0.01651372,0.013696181,0.0150595065,0.029755458,-0.016192116,-0.009361504,-0.0005143059,0.022750061,-0.011116348,-0.039235815,0.023281408,0.0023613502,0.015465008,-0.006767689,0.0054602944,-0.018261574,0.0060720434,-0.0022966797,0.0062468285,0.017142948,-0.036886703,-0.013283687,0.019589942,-0.018065814,0.01315085,-0.009249641,-0.0061524445,-0.0023421238,-0.0070158844,0.0034065666,0.028594885,-0.017688278,0.012339846,0.007998178,-0.013500421,0.010396233,-0.025952129,0.0024662213,-0.0042158226,-0.021142036,0.02665127,-0.01112334,-0.019100543,0.006746715,-0.022666166,0.015395094,-0.007718521,-0.022456422,-0.0314334,0.00964116,-0.01641584,0.028245313,-0.0069739358,-0.0175065,-0.016723463,-0.0004522571,-0.0017295011,-0.005848318,-0.0028594884,0.024749607,-0.01626203,0.009074856,0.0032754776,0.02916818,0.021701349,0.033195235,-0.013570335,0.0011745576,0.012647469,-0.020400947,0.017045068,0.023812756,0.004296224,-0.041976452,-0.011787524,-0.02021917,-0.023239462,0.0011588269,-0.025952129,0.016779395,0.0066558262,-0.017618364,0.014430279,0.019603925,-0.027741931,0.02066662,0.032999475,0.0019051604,-0.0099348,0.02343522,0.0076206415,-0.007921272,0.0096901,0.009515314,-0.018960716,-0.0043416684,-0.010445173,-0.0076346244,0.008431645,-0.0073689506,-0.021813212,-0.01764633,0.005320466,-0.029867321,0.00075987936,-0.01448621,0.0028385143,-0.006526485,0.02412038,0.007676573,-0.011920361,0.013472456,-0.013975837,-0.016052287,0.013437498,-0.03733415,-0.008361732,-0.017142948,-0.0011841708,0.0036495181,0.019058594,-0.010605975,0.024400035,0.023057684,-0.023449203,-0.027280498,-0.0099627655,-0.011892396,-0.01932427,-0.0045933593,0.00899795,-0.011808499,0.0030255346,0.002696938,0.03297151,0.007970212,0.010920589,-0.03283168,-0.007064824,0.017688278,-0.033838443,0.0005951441,0.003008056,-0.020442896,-0.00037535155,0.04398998,-0.009578237,-0.005897258,0.03920785,-0.015143403,-0.001038225,-0.017716244,-0.019897565,0.007676573,0.014269477,0.012577554,-0.032943543,0.0019366217,-0.0040655076,0.017212862,-0.019953497,-0.010025688,0.002709173,-0.005778404,-0.015562888,0.008536517,0.012339846,-0.0010137551,-0.0005090624,0.006411127,-0.010640932,-0.02877666,0.013018013,0.023672929,-0.010501104,-0.0032754776,0.017660312,-0.021351779,-0.015744666,0.007970212,-0.0054812687,0.018611144,-0.0061035044,-0.0147099355,-0.00346075,-1.5211788e-05,-0.0193802,-0.009459384,-0.008781216,0.03297151,0.008592448,-0.0012785549,-0.012787296,-0.010794744,-0.009585229,-0.022526337,0.009571246,-0.001480432,-0.02244244,0.0026759638,0.012577554,-0.035180796,-0.009669126,0.016555669,0.0070123887,-0.014612055,0.011612739,0.20918311,-0.0012042711,-0.017967934,0.05137291,-0.0019908051,0.009480358,0.005963676,0.0029328982,0.0058413264,0.015562888,0.014835781,0.0065579466,-0.03425793,0.001039099,0.004533932,-0.0020869372,-0.027518207,-0.019701805,-0.024553847,0.034845207,0.013996812,-0.005753934,0.0086134225,-0.02398055,0.0035411513,-0.01092758,-0.0063482043,-0.0032719818,0.038928196,-0.0062433328,-0.009060873,0.0072291223,-0.0020135273,-0.0025134133,-0.023267426,-0.002303671,0.003532412,0.020261118,0.037110426,-0.011256177,0.006956457,0.014654004,0.0003854017,-0.020023411,0.017632347,0.024623761,-0.019352235,-0.0006030095,-0.0037858507,-0.0008957749,-0.03361472,-0.018345471,0.00067248667,0.00072142656,-0.022554303,-0.0018247591,0.014402313,0.02185516,-0.015478991,-0.018499281,0.007900298,0.018876819,-0.043682355,0.009158753,-0.032160506,0.02318353,-0.017492518,0.02140771,-0.0065579466,0.002006536,0.010913597,0.0066523305,-0.00075114006,-0.0056560542,-0.03864854,-0.03895616,0.016303979,0.013870966,0.012193026,0.027574137,-0.0008149367,-0.025672473,-0.01957596,0.0064146225,-0.023589032,-0.017520484,0.02185516,-0.0062118717,-0.021072123,0.014080708,0.023714878,0.032859646,-0.022008972,0.007844367,0.02185516,-0.010214456,-0.019785702,0.037697706,-0.02521104,0.0017382404,-0.02698686,0.05486862,0.0010093855,0.015031541,0.0014533403,0.009878868,-0.007949238,0.016737446,0.002613041,-0.0030779701,-0.00859944,-0.024959348,0.0058623007,-0.0036844753,0.020400947,0.0058168564,0.011340074,-0.015842544,0.025322903,-0.007795427,-0.021225933,-0.0065719294,0.007285054,0.022414474,-0.012123113,-0.020498827,-0.01008861,0.0007070068,-0.0053763976,-0.006746715,0.025728405,-0.010864657,0.008242877,0.014227528,-0.025924165,-0.002543127,-0.0049604084,0.01552094,-0.019645873,0.01719888,-0.0113191,-0.008242877,0.0043416684,0.016359909,-0.011165288,-0.01784209,0.0038942178,0.022512354,-0.0106129665,-0.014402313,-0.0076905554,-0.035180796,-0.0010530817,0.0032754776,0.0139478715,-0.011570791,-0.032579992,-0.00543932,0.008522534,0.00020220481,-0.02911225,-0.000423636,0.036467217,-0.00036464594,-0.0009167492,0.008214911,-0.18121746,0.018904785,0.003701954,-0.01963189,0.0004345601,0.010696864,0.017800141,0.0027249036,0.013136867,-0.0075297533,0.026189838,0.027909726,-0.005282013,-0.019310286,0.026916945,-0.0053274576,-0.012095147,0.026161872,0.025225023,0.015115437,0.03123764,-0.01310191,-0.0041319258,-0.003196824,0.031852882,0.019841634,0.000966563,0.013437498,0.0053414404,-0.031629156,-0.023379289,-0.024511898,0.027546171,0.013283687,-0.0073829335,-0.044968776,-0.0078024184,-0.029671563,0.0013292426,0.021253899,0.0387604,0.02456783,-0.009032907,0.0074878046,0.027420327,-0.01719888,0.00087742246,-0.015954407,0.020135272,0.016373891,0.032048643,-0.024721641,-0.0025973103,0.008990958,-0.012710391,0.01226294,-0.009396461,-0.0045549064,0.01587051,-0.00043761884,-0.021827195,-0.016136184,-0.017925985,-0.017170914,-0.01458409,-0.018121745,-0.023197513,0.00279307,-0.019464098,0.008319783,-0.0077534784,-0.027560154,0.02644153,-0.017925985,0.03372658,0.0017653321,-0.01201125,-0.0010233682,0.005477773,0.01468197,-0.012626494,0.021100089,-0.00037819182,0.015744666,-0.008774225,-0.010326318,0.024483932,0.015241283,-0.0063447086,-0.023393271,0.0077115297,-0.007718521,0.018303523,-0.0054008677,0.015576871,0.024847487,-0.014052742,0.019366218,0.016555669,-0.012039215,-0.014751884,0.02031705,-0.014821799,-0.0041948487,0.014031769,-0.008131015,-0.001959344,0.012794288,0.034229964,-0.028203364,-0.021100089,0.011277151,-0.004726196,0.017772175,-0.02600806,0.042228144,0.007257088,-0.0061804103,-0.0064985193,-0.013262712,0.041529,-0.0018894296,0.009948783,0.03450962,-0.017814124,-0.001658713,-0.102074645,-0.0099627655,0.02431614,0.01977172,-0.0012401021,0.0057189767,0.006575425,0.0054952516,-0.009780988,0.040102754,0.031545263,-0.025868233,0.0074738218,0.0058378307,0.015996356,-0.0021533556,-0.0041843615,-0.025672473,-0.016359909,0.03671891,-0.0058518136,-0.011941335,0.042088315,-0.003032526,0.01552094,0.015884493,0.003604074,0.00245923,-0.0048974855,-0.0040270546,0.012612511,-0.012696409,0.020400947,-0.0074878046,-0.02388267,-0.012801279,-0.0152972145,-0.011081392,0.014444262,-0.015283232,0.0030587437,-0.021729315,-0.002398055,-0.002973099,-0.015884493,-0.02634365,-0.030174945,0.016401857,0.005858805,-0.028832592,-0.011193254,-0.02407843,-0.012116121,-0.008466602,0.004401095,-0.0074108993,0.004117943,0.007998178,0.000787845,-0.033810478,-0.017170914,0.0048765116,-0.017003119,0.02007934,-0.010340301,0.006540468,-0.01873699,-0.027224567,0.010018697,0.002412038,-0.007103277,0.0132487295,-0.02431614,0.027741931,-0.017170914,-0.011249186,-0.0026217804,-0.023099633,0.011521851,-0.034202,-0.01043119,-0.007340985,-0.004880007,-0.00069302396,0.038257018,0.035404522,0.022162784,0.007285054,0.010291362,-0.0077674612,-0.0017478536,0.019338252,0.014877729,-0.00038867892,-0.019058594,0.01552094,-0.021351779,-0.013367584,-0.008690327,0.03683077,-0.026036026,-0.022036938,-0.05500845,0.008935028,0.005107228,0.023742843,-0.0055197217,-0.012200017,0.008452619,-0.009004941,0.011913369,0.0055686613,-0.025588576,0.0059566847,-0.0132487295,-0.0065439637,-0.010494113,-0.0065614423,0.013717155,0.036019765,0.022778027,0.020498827,0.002590319,0.023784792,0.02205092,0.007865341,0.0060580606,-0.01448621,-0.006054565,0.019925531,-0.015115437,-0.01725481,0.0082638515,-0.0024854478,0.001323999,1.6672884e-05,0.0010120072,-0.009697092,-0.009529297,-0.0102004735,0.033978272,-0.012430735,0.0078513585,-0.0216594,0.020205187,-0.016919222,0.009123796,-0.00840368,-0.005383389,-0.009522306,0.023896653,0.03632739,0.001959344,0.0006427732,0.0056630457,-0.025350869,-0.0073339934,-0.0065963995,-0.008291817,-0.008389697,-0.0057749082,-0.03761381,0.014556125,0.039962925,-0.009864885,-0.016597617,0.028692763,0.027490241,-0.031517297,0.034985036,-0.010256405,-0.033474892,-0.00864838,0.007208148,-0.0072640795,0.00904689,0.037306186,-0.0013257469,0.00050818844,0.009843911,-0.0076905554,0.014416296,-0.016010338,0.0008394067,-0.011116348,0.023393271,-0.004257771,0.014178588,-0.019883582,0.013633258,0.00044176998,0.0065474594,-0.012046207,0.022148801,-0.00973904,0.011284143,0.009941791,0.022134818,-0.003747398,-0.00057242205,0.003472985,0.009466375,-0.010955546,-0.006120983,-0.0048660245,0.0003746961,-0.03713839,0.015884493,-0.0030587437,-0.026189838,0.0066558262,-0.0028926977,0.019352235,3.0396266e-05,-0.016499737,0.011011478,0.00152675,0.0073549678,-0.022610234,-0.0050303224,-0.01077377,0.024064448,0.0060825306,0.019911548,-0.01171761,0.0004920208,0.0077744527,-0.018247591,0.026189838,-0.011703627,0.0057364553,0.006145453,-0.0143603645,-0.009550272,-0.0023298888,-0.013374575,0.0037543895,0.007431873,-0.007816401,0.023393271,-0.0060685477,0.1007323,0.018778939,-0.01616415,-0.02195304,-0.007459839,0.016108219,-0.024903417,0.0024330122,-0.022414474,-0.044325568,0.020610688,-0.02031705,0.0018125242,-0.019296303,0.009997723,0.0030028124,-0.0063796653,-0.011857439,-0.020261118,-0.020107307,0.030818153,-0.006631356,0.009564254,-0.0080890665,-0.0053763976,0.0014279963,0.034369793,-0.016457789,0.012067181,-0.029671563,-0.011361049,-0.0074878046,-0.025225023,0.006208376,0.02585425,0.0014708188,-0.0069284914,-0.033251166,0.024162328,0.0052330736,-0.027797863,0.02398055,-0.0065439637,-0.026036026,0.026861014,-0.0009420931,0.0033908358,-0.016192116,-0.02150559]	show hardware pfe statistic	2	Cisco IOS
see the PFE chip statistics	[-0.010619958,-0.0016534695,0.005226082,-0.025266971,-0.0027773392,0.01626203,-0.033698615,0.006718749,-0.03277575,-0.029308008,0.019100543,0.02897242,-0.013905923,0.0033401481,0.010214456,0.00054707815,0.0018230112,-0.020386964,0.010067636,0.004233301,-0.009871877,0.019100543,0.0057714125,-0.013360593,0.0014743145,0.016569652,0.005911241,-0.013822026,-0.040606134,-0.00875325,0.011158297,-0.0072500966,-0.02487545,-0.002102668,-0.039823096,-0.01982765,-0.010571018,-0.018904785,0.05184833,-0.00978798,0.03252406,0.009718066,-0.008515542,0.021002209,0.011913369,-0.011242194,0.0077884356,0.027308464,-0.009746032,0.010417207,-0.0051701507,-0.0009875372,-0.009424427,-0.02224668,0.018415386,-0.014087699,0.0074878046,-0.01423452,-0.018513264,-0.031629156,0.007543736,-0.022064904,-0.032160506,0.009298581,-0.018820887,-0.010305344,0.017338708,0.03104188,0.0010198725,0.011102365,0.0073060277,0.027490241,-0.01092758,0.010969529,0.022428457,-0.010186491,-0.006550955,0.014402313,0.015283232,0.01102546,0.016569652,-0.030566463,0.0011623226,0.018862836,-0.0024312644,0.016695498,-0.00029342092,0.027574137,-0.0029154196,-0.00776047,0.029280042,0.009529297,-0.014542142,0.008117032,-0.00092461455,0.031265605,0.007746487,0.011004486,0.014737901,-0.023029719,-0.0071312427,-0.0036739882,-0.0055337045,-0.011626722,-0.027518207,-0.01226294,-0.011640704,-0.012081164,-0.0019278824,0.000596455,-0.021253899,0.0077045383,0.024651727,-0.0099627655,0.01651372,-0.0028734712,-0.011500876,-0.0034642457,-0.0012470935,-0.017422603,0.035712145,0.0033226695,0.02877666,-0.014416296,0.02788176,-0.0009586977,-0.031880848,-0.018709024,-0.004977887,0.0069424743,0.029867321,-0.016695498,0.014304434,-0.012843228,-0.020610688,-0.0025606055,-0.023477169,0.0075926757,-0.0061559402,-0.016108219,0.0069774315,0.023197513,-0.0044814963,-0.01587051,0.0050687753,0.023281408,0.03355879,0.02407843,-0.011850447,-0.030035116,0.008284826,-0.011207237,0.0019348739,0.01963189,-0.02437207,-0.017017102,0.0009141274,0.023323357,-0.004023559,-0.014835781,-0.031824917,0.01354936,0.0041598915,0.03288761,-0.013849991,0.042395934,-0.014751884,0.008907062,0.0060895216,0.01215807,0.018485298,0.012409761,-0.009969757,0.020358998,0.041445103,0.0025448748,-0.017898021,-0.00059295935,-0.0056525585,-0.015548905,0.013933889,-0.0025973103,0.032244403,-0.0036739882,-0.010899615,0.00013338307,0.042312037,-0.0052086036,-0.025001297,-0.0035131855,0.018359454,-0.010263396,0.0010758039,-0.0332232,-0.64969814,-0.004663273,-0.0019366217,0.013416524,0.021365762,0.0135983005,0.011060418,-0.011004486,-0.017758192,0.025966112,0.014318416,0.0050303224,-0.002649746,0.003880235,-0.026525425,-0.03160119,0.003939662,-0.024414018,0.025882216,0.0063796653,-0.020051377,0.01596839,0.0038173122,0.022931838,-0.019981463,-0.0024434992,0.022847941,-0.007844367,-0.0049953656,-0.009711075,-0.016052287,0.022764044,-0.012976064,-0.00756471,0.043766253,-0.015730683,0.017702261,0.027755914,0.025742387,0.036858737,-0.023071667,-0.0054987473,0.012640477,0.006026599,0.004519949,0.02669322,-0.011423971,0.003831295,-0.008781216,-0.0332232,0.009396461,-0.00815898,-0.0028979413,0.017814124,0.0001139382,0.008061101,0.01477985,-0.01680736,-0.0075507276,-0.023323357,0.013591309,-0.002135877,-0.011927352,-0.015031541,-0.0060440777,0.018806905,-0.006208376,0.00018745729,0.013738129,-0.009627177,0.0021690864,0.016681515,-0.011794516,0.018457333,0.0341181,-0.001980318,0.017436586,-0.0065369722,-0.032300334,0.0056630457,-0.017562432,0.00489399,-0.029447837,0.0052330736,0.006634852,0.024330122,-0.033950306,-0.018764956,0.007718521,0.019436132,-0.0045059663,0.0044325567,-0.0011046435,-0.011333083,-0.0019663353,0.014570108,-0.01957596,-0.01458409,0.009815945,-0.0152273,-0.039767165,-0.020400947,0.008005169,-0.0005269778,0.048017032,0.021743298,0.0045653936,-0.009319555,0.008396689,-0.02743431,0.0027161643,-0.02179923,-0.01077377,-0.017478535,0.011326091,-0.03741805,0.018429369,0.0060720434,-0.016429823,0.003446767,0.0396553,-0.016010338,0.010787752,-0.011193254,-0.00048546633,0.027028807,0.018513264,-0.00020417114,-0.0047926144,-0.022931838,0.0027056774,-0.018583179,0.021449659,0.009368495,0.01315085,0.0022127826,0.0034677414,0.0012584545,-0.009941791,-0.021170001,-0.0001240976,0.034789275,0.0011623226,-0.012549588,-0.012360821,-0.020289084,-8.971405e-06,0.015632803,0.012444717,0.012402769,0.01809378,-0.015437042,-0.00090189243,0.027825829,0.028021589,0.00959222,-0.001992553,-0.019981463,-0.012004258,-0.017073033,-0.0018422377,0.013556352,-0.0012610763,-0.021253899,-0.028483022,-0.0066383476,0.0010093855,0.027014824,-0.007361959,-0.02189711,0.0035061943,0.013164833,0.004163387,0.014101682,-0.013968846,0.03109781,-0.007921272,-0.020303067,0.013863974,-0.030678326,0.0028210357,0.00023683415,-0.010689872,0.009871877,0.041892555,-0.0011579529,-0.0002591193,0.005268031,-0.009920817,0.021673383,0.008389697,0.00026807704,-0.014290451,0.026525425,0.0068830475,0.007718521,0.015213317,0.023966568,-0.0011247437,0.0031548757,0.02624577,0.01719888,0.017017102,-0.025252989,0.012374803,-0.042843387,-0.011612739,-0.04653485,0.022680148,0.042703558,0.015367129,-0.0056840195,-0.03445369,0.00021465827,-0.025966112,0.010997495,0.025099177,0.0019943009,0.0039221835,-0.026273735,0.0035935869,-0.01963189,0.02199499,-0.008976975,0.025266971,0.0024504906,0.024553847,-9.57496e-05,-0.0012007754,0.0040270546,-0.025574593,-0.0021166506,0.025420781,0.022875907,0.015590854,0.0076066586,0.02698686,-0.021771263,0.026050009,0.019520028,-0.00065719296,0.013982829,0.023295391,-0.003368114,-0.011088383,0.0076835644,0.018401403,0.017730227,-0.026077975,0.027727949,-0.002412038,0.010473139,-0.0054812687,0.019561976,0.0013065205,-0.013038987,-0.0031775977,0.024148345,0.0067572016,0.006911013,0.0151853515,0.002876967,0.013479447,0.0031775977,-0.014723918,-0.002756365,-0.035935868,-0.006862073,-0.012752339,-0.008096058,-0.010948555,0.0074528474,-0.0012007754,0.001719888,0.03277575,0.0011081392,0.0061384616,-0.022162784,-0.001313512,-0.00021378434,-0.022162784,-0.027839812,-9.1216105e-05,0.031629156,-0.013856983,-0.017394638,-0.004666769,0.020834414,-0.023672929,-0.007823393,0.000573296,0.011039443,-0.003032526,0.0006384035,0.006998406,-0.0028594884,0.009123796,-0.011584774,0.0014778102,0.016122201,-0.016919222,-0.009780988,-0.015828561,-0.031880848,0.04345863,0.0024277687,-0.011389013,-0.018177677,-0.00494293,0.013521395,0.0094384095,-0.0133116525,0.0027668523,-0.0012488414,-0.009389469,-0.011619731,-0.0032125548,0.0046457946,0.03582401,0.006502015,0.0085015595,-0.014905695,-0.012822254,0.023365306,0.06504812,0.011752567,0.011787524,-0.015171369,0.005848318,0.00904689,0.01181549,0.0049079726,-0.008655371,-0.00558614,0.00069215003,-0.010668898,0.005344936,-0.005526713,0.01438833,-0.0001815583,-0.015003575,-0.014122657,0.006110496,-0.0037439023,-0.0038837306,-0.010312336,0.030146979,0.002530892,0.021771263,0.029196145,0.043626424,0.04301118,-0.0010950302,0.02209287,-0.015143403,-0.011738584,-0.0014970365,0.023253445,-0.013870966,0.010766778,0.0024906914,-0.012137095,-0.0031741022,-0.015003575,-0.0019226389,0.0038277993,0.013486438,-0.022568285,0.008788208,0.009158753,-0.0050652795,0.017590398,0.007627633,-0.018079797,0.032216437,-0.007907289,-0.008459611,-0.00074327475,-0.009473367,0.012885177,0.014318416,-0.011382022,-0.009606203,-0.048911933,-0.02219075,-0.018149711,0.0067292363,-0.01957596,-0.024581812,0.014654004,0.00541485,-0.0535822,-0.014849763,-0.016765412,0.0075926757,-0.016667532,-0.031405434,-0.0009403452,0.025197057,-0.0013947871,0.0028122964,0.01893275,-0.022232696,-0.0037334152,-0.015395094,-0.008040126,-0.018429369,-0.019547993,-8.946825e-05,0.004236797,-0.0065334765,-0.017981917,-0.014192571,0.012829245,0.0037334152,-0.00038736805,0.044996742,-0.0017731974,-0.01745057,-0.0063447086,0.007075311,0.016443806,0.0048380587,-0.011102365,0.018317506,-0.03137747,-0.001467323,-0.009221676,-0.00014004676,0.012808271,0.0012479675,-0.0049743913,-0.032300334,0.0017059051,0.0071452255,-0.028692763,-0.0026445023,0.020037394,0.020191204,0.024344103,-0.0065719294,-0.00022033878,0.0073549678,-0.005278518,0.015884493,-0.006002129,0.0060370862,0.0008136258,-0.015087472,0.018121745,-0.023756826,-0.02476359,-0.037753638,0.00499187,-0.021589488,0.040326476,0.0036250483,-0.021072123,-0.02205092,-0.021365762,-0.01828954,-0.007285054,-0.005540696,-0.014220537,-0.032943543,-0.021631436,0.0052330736,0.010466147,0.015702717,-0.020778483,-0.023365306,0.004680752,-0.00097617623,0.012717382,-0.03585197,-0.016122201,-0.0097250575,-0.016401857,-0.028301245,-0.022372525,-0.012241966,-0.005946198,0.035376556,0.03000715,0.036299422,-0.00102599,-0.018583179,0.021687366,-0.010158525,-0.007921272,0.00013218142,-0.0033471396,-0.028105484,0.004429061,0.0065929038,-0.01626203,0.002135877,0.0041494044,-0.009599212,0.0075926757,-0.010808727,0.0018177677,-0.001945361,-0.00859944,0.0017618363,0.0067606973,-0.0009368495,0.035796043,-0.020652637,-0.01893275,0.00015654214,0.0019436132,-0.005372902,-0.0040270546,0.015604837,-0.021939058,0.036019765,-0.019450115,0.007445856,-0.015339163,-0.022428457,-0.025644507,-0.015674751,0.009794971,-0.004638803,0.040913757,-0.0010181247,0.01210913,0.003960636,0.024400035,-0.032719817,-0.010424199,-0.009403452,-0.007257088,-0.014500193,-0.034090135,-0.018820887,-0.02585425,0.0054323287,-0.0022949318,-0.021533556,0.021771263,-0.0018072806,-0.02185516,0.014807816,0.0024976828,0.008969984,-0.010710847,0.0332232,0.0249174,-0.013339618,-0.046702646,-0.015492974,0.01651372,0.013696181,0.0150595065,0.029755458,-0.016192116,-0.009361504,-0.0005143059,0.022750061,-0.011116348,-0.039235815,0.023281408,0.0023613502,0.015465008,-0.006767689,0.0054602944,-0.018261574,0.0060720434,-0.0022966797,0.0062468285,0.017142948,-0.036886703,-0.013283687,0.019589942,-0.018065814,0.01315085,-0.009249641,-0.0061524445,-0.0023421238,-0.0070158844,0.0034065666,0.028594885,-0.017688278,0.012339846,0.007998178,-0.013500421,0.010396233,-0.025952129,0.0024662213,-0.0042158226,-0.021142036,0.02665127,-0.01112334,-0.019100543,0.006746715,-0.022666166,0.015395094,-0.007718521,-0.022456422,-0.0314334,0.00964116,-0.01641584,0.028245313,-0.0069739358,-0.0175065,-0.016723463,-0.0004522571,-0.0017295011,-0.005848318,-0.0028594884,0.024749607,-0.01626203,0.009074856,0.0032754776,0.02916818,0.021701349,0.033195235,-0.013570335,0.0011745576,0.012647469,-0.020400947,0.017045068,0.023812756,0.004296224,-0.041976452,-0.011787524,-0.02021917,-0.023239462,0.0011588269,-0.025952129,0.016779395,0.0066558262,-0.017618364,0.014430279,0.019603925,-0.027741931,0.02066662,0.032999475,0.0019051604,-0.0099348,0.02343522,0.0076206415,-0.007921272,0.0096901,0.009515314,-0.018960716,-0.0043416684,-0.010445173,-0.0076346244,0.008431645,-0.0073689506,-0.021813212,-0.01764633,0.005320466,-0.029867321,0.00075987936,-0.01448621,0.0028385143,-0.006526485,0.02412038,0.007676573,-0.011920361,0.013472456,-0.013975837,-0.016052287,0.013437498,-0.03733415,-0.008361732,-0.017142948,-0.0011841708,0.0036495181,0.019058594,-0.010605975,0.024400035,0.023057684,-0.023449203,-0.027280498,-0.0099627655,-0.011892396,-0.01932427,-0.0045933593,0.00899795,-0.011808499,0.0030255346,0.002696938,0.03297151,0.007970212,0.010920589,-0.03283168,-0.007064824,0.017688278,-0.033838443,0.0005951441,0.003008056,-0.020442896,-0.00037535155,0.04398998,-0.009578237,-0.005897258,0.03920785,-0.015143403,-0.001038225,-0.017716244,-0.019897565,0.007676573,0.014269477,0.012577554,-0.032943543,0.0019366217,-0.0040655076,0.017212862,-0.019953497,-0.010025688,0.002709173,-0.005778404,-0.015562888,0.008536517,0.012339846,-0.0010137551,-0.0005090624,0.006411127,-0.010640932,-0.02877666,0.013018013,0.023672929,-0.010501104,-0.0032754776,0.017660312,-0.021351779,-0.015744666,0.007970212,-0.0054812687,0.018611144,-0.0061035044,-0.0147099355,-0.00346075,-1.5211788e-05,-0.0193802,-0.009459384,-0.008781216,0.03297151,0.008592448,-0.0012785549,-0.012787296,-0.010794744,-0.009585229,-0.022526337,0.009571246,-0.001480432,-0.02244244,0.0026759638,0.012577554,-0.035180796,-0.009669126,0.016555669,0.0070123887,-0.014612055,0.011612739,0.20918311,-0.0012042711,-0.017967934,0.05137291,-0.0019908051,0.009480358,0.005963676,0.0029328982,0.0058413264,0.015562888,0.014835781,0.0065579466,-0.03425793,0.001039099,0.004533932,-0.0020869372,-0.027518207,-0.019701805,-0.024553847,0.034845207,0.013996812,-0.005753934,0.0086134225,-0.02398055,0.0035411513,-0.01092758,-0.0063482043,-0.0032719818,0.038928196,-0.0062433328,-0.009060873,0.0072291223,-0.0020135273,-0.0025134133,-0.023267426,-0.002303671,0.003532412,0.020261118,0.037110426,-0.011256177,0.006956457,0.014654004,0.0003854017,-0.020023411,0.017632347,0.024623761,-0.019352235,-0.0006030095,-0.0037858507,-0.0008957749,-0.03361472,-0.018345471,0.00067248667,0.00072142656,-0.022554303,-0.0018247591,0.014402313,0.02185516,-0.015478991,-0.018499281,0.007900298,0.018876819,-0.043682355,0.009158753,-0.032160506,0.02318353,-0.017492518,0.02140771,-0.0065579466,0.002006536,0.010913597,0.0066523305,-0.00075114006,-0.0056560542,-0.03864854,-0.03895616,0.016303979,0.013870966,0.012193026,0.027574137,-0.0008149367,-0.025672473,-0.01957596,0.0064146225,-0.023589032,-0.017520484,0.02185516,-0.0062118717,-0.021072123,0.014080708,0.023714878,0.032859646,-0.022008972,0.007844367,0.02185516,-0.010214456,-0.019785702,0.037697706,-0.02521104,0.0017382404,-0.02698686,0.05486862,0.0010093855,0.015031541,0.0014533403,0.009878868,-0.007949238,0.016737446,0.002613041,-0.0030779701,-0.00859944,-0.024959348,0.0058623007,-0.0036844753,0.020400947,0.0058168564,0.011340074,-0.015842544,0.025322903,-0.007795427,-0.021225933,-0.0065719294,0.007285054,0.022414474,-0.012123113,-0.020498827,-0.01008861,0.0007070068,-0.0053763976,-0.006746715,0.025728405,-0.010864657,0.008242877,0.014227528,-0.025924165,-0.002543127,-0.0049604084,0.01552094,-0.019645873,0.01719888,-0.0113191,-0.008242877,0.0043416684,0.016359909,-0.011165288,-0.01784209,0.0038942178,0.022512354,-0.0106129665,-0.014402313,-0.0076905554,-0.035180796,-0.0010530817,0.0032754776,0.0139478715,-0.011570791,-0.032579992,-0.00543932,0.008522534,0.00020220481,-0.02911225,-0.000423636,0.036467217,-0.00036464594,-0.0009167492,0.008214911,-0.18121746,0.018904785,0.003701954,-0.01963189,0.0004345601,0.010696864,0.017800141,0.0027249036,0.013136867,-0.0075297533,0.026189838,0.027909726,-0.005282013,-0.019310286,0.026916945,-0.0053274576,-0.012095147,0.026161872,0.025225023,0.015115437,0.03123764,-0.01310191,-0.0041319258,-0.003196824,0.031852882,0.019841634,0.000966563,0.013437498,0.0053414404,-0.031629156,-0.023379289,-0.024511898,0.027546171,0.013283687,-0.0073829335,-0.044968776,-0.0078024184,-0.029671563,0.0013292426,0.021253899,0.0387604,0.02456783,-0.009032907,0.0074878046,0.027420327,-0.01719888,0.00087742246,-0.015954407,0.020135272,0.016373891,0.032048643,-0.024721641,-0.0025973103,0.008990958,-0.012710391,0.01226294,-0.009396461,-0.0045549064,0.01587051,-0.00043761884,-0.021827195,-0.016136184,-0.017925985,-0.017170914,-0.01458409,-0.018121745,-0.023197513,0.00279307,-0.019464098,0.008319783,-0.0077534784,-0.027560154,0.02644153,-0.017925985,0.03372658,0.0017653321,-0.01201125,-0.0010233682,0.005477773,0.01468197,-0.012626494,0.021100089,-0.00037819182,0.015744666,-0.008774225,-0.010326318,0.024483932,0.015241283,-0.0063447086,-0.023393271,0.0077115297,-0.007718521,0.018303523,-0.0054008677,0.015576871,0.024847487,-0.014052742,0.019366218,0.016555669,-0.012039215,-0.014751884,0.02031705,-0.014821799,-0.0041948487,0.014031769,-0.008131015,-0.001959344,0.012794288,0.034229964,-0.028203364,-0.021100089,0.011277151,-0.004726196,0.017772175,-0.02600806,0.042228144,0.007257088,-0.0061804103,-0.0064985193,-0.013262712,0.041529,-0.0018894296,0.009948783,0.03450962,-0.017814124,-0.001658713,-0.102074645,-0.0099627655,0.02431614,0.01977172,-0.0012401021,0.0057189767,0.006575425,0.0054952516,-0.009780988,0.040102754,0.031545263,-0.025868233,0.0074738218,0.0058378307,0.015996356,-0.0021533556,-0.0041843615,-0.025672473,-0.016359909,0.03671891,-0.0058518136,-0.011941335,0.042088315,-0.003032526,0.01552094,0.015884493,0.003604074,0.00245923,-0.0048974855,-0.0040270546,0.012612511,-0.012696409,0.020400947,-0.0074878046,-0.02388267,-0.012801279,-0.0152972145,-0.011081392,0.014444262,-0.015283232,0.0030587437,-0.021729315,-0.002398055,-0.002973099,-0.015884493,-0.02634365,-0.030174945,0.016401857,0.005858805,-0.028832592,-0.011193254,-0.02407843,-0.012116121,-0.008466602,0.004401095,-0.0074108993,0.004117943,0.007998178,0.000787845,-0.033810478,-0.017170914,0.0048765116,-0.017003119,0.02007934,-0.010340301,0.006540468,-0.01873699,-0.027224567,0.010018697,0.002412038,-0.007103277,0.0132487295,-0.02431614,0.027741931,-0.017170914,-0.011249186,-0.0026217804,-0.023099633,0.011521851,-0.034202,-0.01043119,-0.007340985,-0.004880007,-0.00069302396,0.038257018,0.035404522,0.022162784,0.007285054,0.010291362,-0.0077674612,-0.0017478536,0.019338252,0.014877729,-0.00038867892,-0.019058594,0.01552094,-0.021351779,-0.013367584,-0.008690327,0.03683077,-0.026036026,-0.022036938,-0.05500845,0.008935028,0.005107228,0.023742843,-0.0055197217,-0.012200017,0.008452619,-0.009004941,0.011913369,0.0055686613,-0.025588576,0.0059566847,-0.0132487295,-0.0065439637,-0.010494113,-0.0065614423,0.013717155,0.036019765,0.022778027,0.020498827,0.002590319,0.023784792,0.02205092,0.007865341,0.0060580606,-0.01448621,-0.006054565,0.019925531,-0.015115437,-0.01725481,0.0082638515,-0.0024854478,0.001323999,1.6672884e-05,0.0010120072,-0.009697092,-0.009529297,-0.0102004735,0.033978272,-0.012430735,0.0078513585,-0.0216594,0.020205187,-0.016919222,0.009123796,-0.00840368,-0.005383389,-0.009522306,0.023896653,0.03632739,0.001959344,0.0006427732,0.0056630457,-0.025350869,-0.0073339934,-0.0065963995,-0.008291817,-0.008389697,-0.0057749082,-0.03761381,0.014556125,0.039962925,-0.009864885,-0.016597617,0.028692763,0.027490241,-0.031517297,0.034985036,-0.010256405,-0.033474892,-0.00864838,0.007208148,-0.0072640795,0.00904689,0.037306186,-0.0013257469,0.00050818844,0.009843911,-0.0076905554,0.014416296,-0.016010338,0.0008394067,-0.011116348,0.023393271,-0.004257771,0.014178588,-0.019883582,0.013633258,0.00044176998,0.0065474594,-0.012046207,0.022148801,-0.00973904,0.011284143,0.009941791,0.022134818,-0.003747398,-0.00057242205,0.003472985,0.009466375,-0.010955546,-0.006120983,-0.0048660245,0.0003746961,-0.03713839,0.015884493,-0.0030587437,-0.026189838,0.0066558262,-0.0028926977,0.019352235,3.0396266e-05,-0.016499737,0.011011478,0.00152675,0.0073549678,-0.022610234,-0.0050303224,-0.01077377,0.024064448,0.0060825306,0.019911548,-0.01171761,0.0004920208,0.0077744527,-0.018247591,0.026189838,-0.011703627,0.0057364553,0.006145453,-0.0143603645,-0.009550272,-0.0023298888,-0.013374575,0.0037543895,0.007431873,-0.007816401,0.023393271,-0.0060685477,0.1007323,0.018778939,-0.01616415,-0.02195304,-0.007459839,0.016108219,-0.024903417,0.0024330122,-0.022414474,-0.044325568,0.020610688,-0.02031705,0.0018125242,-0.019296303,0.009997723,0.0030028124,-0.0063796653,-0.011857439,-0.020261118,-0.020107307,0.030818153,-0.006631356,0.009564254,-0.0080890665,-0.0053763976,0.0014279963,0.034369793,-0.016457789,0.012067181,-0.029671563,-0.011361049,-0.0074878046,-0.025225023,0.006208376,0.02585425,0.0014708188,-0.0069284914,-0.033251166,0.024162328,0.0052330736,-0.027797863,0.02398055,-0.0065439637,-0.026036026,0.026861014,-0.0009420931,0.0033908358,-0.016192116,-0.02150559]	show pfe statistic detail	3	Juniper JUNOS
Get device mac address	[-0.016196001,0.004999695,0.0043738782,-0.0125368545,-0.025032673,0.025402006,-0.010655984,-0.016196001,-0.01303614,-0.026619442,0.02880809,0.03778155,0.0034146344,0.0062615876,-0.0165243,0.031352397,0.0138500435,0.016305434,0.009903637,-0.0029632254,-0.0056220917,0.022967136,-0.0013379826,-0.020190286,-0.020915275,0.010669664,-0.0014294613,-0.0028572127,-0.02696142,-0.01216752,0.016729485,-0.035100456,-0.023815237,-0.028479794,-0.035428755,0.012085446,0.0062923655,-0.020231323,0.022611478,-0.025018994,0.012701003,0.010095143,-0.00608376,0.016770523,-0.0016252428,0.011934976,0.024102496,0.00021042235,-0.031242963,0.014581873,-0.006651441,-0.006969479,-0.0007010516,-0.051925696,-0.026838308,0.016004495,0.003069238,0.020231323,-0.012742041,-0.0035462952,-0.012379546,0.0120786065,-0.0094522275,0.008734077,0.005170683,0.0022929518,-0.0136175,0.014376688,9.8157914e-05,0.008241631,0.036878735,0.017933242,0.02128461,0.008535731,0.013993674,0.0008797343,-0.046153136,0.018261539,0.019383222,0.008214273,0.015471012,-0.008604126,0.0060598217,0.03605799,0.027139246,-0.015388938,-0.0046440396,0.028589226,-0.008460496,-0.01853512,0.026537368,0.013248165,-0.014417725,-0.0007343943,0.024088817,-0.0018911294,-0.0040490003,0.03679666,-0.016729485,-0.014814418,-0.010792775,0.016770523,-0.009493264,-0.02232422,-0.028178856,-0.010614947,-0.016688447,-0.021517156,0.0109364055,-0.011517765,-0.018712949,0.05430585,0.015580445,-0.007920173,-0.0003904943,-0.02463598,-0.023486938,-0.025237858,-0.017837489,0.0040045436,0.014568195,0.032282572,0.040435288,-0.00680875,0.021804415,-0.021503476,-0.03419764,-0.014937529,-0.008672521,-0.0014132174,0.03449858,-0.010881688,0.008959781,0.0246223,-0.011230505,0.0062957853,-0.010190897,0.0044559524,-0.0130498195,-0.0096232155,-0.00023019286,0.020012459,-0.0014380107,0.008645163,-0.009500104,0.047411606,0.034854233,-0.011770828,0.006866886,0.018056354,0.005464783,-0.015539408,-0.0055160793,0.002373316,-0.020504905,0.012673645,-0.02102471,-0.0007720117,-0.011244183,-0.006856627,0.011852901,0.041584328,-0.0042268285,-0.0045995824,0.012092285,0.02954676,-0.003751481,-0.018357294,0.0109364055,0.0025272055,-0.0021288032,-0.003939568,-0.0054511037,0.0049278797,0.0004971482,0.03893059,0.0135833025,0.005752043,-0.009335956,-0.0114698885,-0.024553904,0.010122501,0.014882812,0.03838343,-0.010218254,-0.01216752,0.0029307378,0.017728057,0.018644553,-0.017167214,0.023828914,0.03668723,-0.008200594,-0.018056354,-0.60056525,-0.015730914,-0.031790126,0.004466212,-0.013166091,0.016633732,0.012037569,0.015388938,-0.013289203,0.023008171,-0.0050954483,0.032911807,0.005970908,-0.022419972,-0.0004001124,-0.022515725,-0.009807883,-0.0133234,-0.00108663,-0.0023869951,-0.0040319017,0.0069797384,-0.002985454,-0.0009455647,-0.017892204,0.0020740868,0.03127032,0.00783126,-0.013296043,0.010115662,-0.014144144,-0.0237742,0.014800739,-0.011107394,0.052226637,-0.044374857,-0.027549619,0.039040025,-0.01260525,0.010943244,0.0060871798,-0.036140066,-0.0052903746,-0.0014115076,-0.023473259,0.0048321267,0.022419972,0.012181199,-0.007913333,-0.007024195,-0.012427422,-0.016674768,-0.0046303603,0.010772256,0.013891081,-0.0015867705,0.031543903,0.008946102,0.02913639,0.0012978005,-0.0076123946,0.024389757,-0.004531187,0.0023835755,-0.017536549,0.00010334099,-0.003840395,0.01869927,-0.02666048,0.011866581,0.016018175,0.012085446,0.0019441358,0.00052365137,-0.0029033795,0.018753985,0.020887919,-0.004103717,-0.028151497,0.009329116,-0.0062308097,0.0006052982,-0.031188248,-0.012051248,0.01709882,0.0060085254,0.0011481857,0.00052365137,0.021722341,0.0069489605,0.041967344,0.009431709,0.0009344505,-0.009096572,-0.038055133,0.031489186,-0.015553086,-0.009288079,-0.0011003091,-0.011722951,-0.025237858,0.0038643333,0.014417725,-0.01274888,0.058710508,-0.007844939,-0.010902207,0.012742041,0.015224789,-0.021653945,-0.018070033,0.016920991,0.0012208557,-0.010984282,-0.019041246,-0.029054314,0.022351578,0.0023510878,0.03447122,-0.0045961626,0.014882812,-0.031653333,0.026920382,0.0044114953,0.005184362,0.01404839,-0.011784507,-0.0440192,0.00042661556,-0.01578563,0.001954395,-0.0069626393,0.015060641,-0.015033282,0.013111375,0.030203355,0.00012482138,-0.012133323,-0.025142105,-0.012509497,-0.0023818656,0.013685895,-0.015771952,-0.002636638,-0.006795071,-0.023186,0.015758272,-0.008091162,-0.011271542,0.012105964,0.013125054,-4.6487417e-05,0.015730914,0.009506944,0.0013499518,-0.03551083,-0.01448612,-0.015717234,-0.009171807,-0.0024502608,-0.017126178,0.014253576,0.003358208,-0.007913333,-0.007913333,-0.013453351,-0.00027571846,0.02361005,-0.010642305,-0.018234182,-0.017632304,-0.021503476,-0.018740306,0.0015773661,-0.018781343,0.014308292,-0.0060016857,-0.014677627,-0.014321972,-0.01216752,0.025976527,0.010697022,0.0012046118,0.0052322387,0.05001063,-0.008378422,0.04546918,0.009486425,-0.008535731,0.030039206,-0.050639864,0.0042370874,0.0017902465,0.011654556,0.014841775,0.00811852,0.018589837,0.011811865,0.019738877,0.003347949,-0.0005091174,0.016565336,0.008891386,-0.029574119,-0.0059914263,-0.025319932,0.010307169,-0.018781343,0.012468459,0.021530833,-0.000717723,-0.044374857,-0.014910171,-0.011052677,0.012352187,0.040544722,-0.029191105,0.016264398,0.003100016,0.0055160793,0.029355254,0.008139038,0.036933452,-0.0014320262,-0.0007553404,0.008775114,0.02448551,0.042104132,-0.012133323,-0.036276855,-0.018412009,-0.015881384,0.015908742,0.008015927,0.016975708,0.011757148,-0.027467543,-0.0028024965,0.029820342,0.008522051,0.020928955,0.010662824,0.045168243,-0.015881384,0.0070173554,0.02287138,0.016647412,0.010416601,-0.004278125,0.011716112,-0.0077149873,0.0061658346,-0.019492654,0.046946518,0.007270418,-0.007154146,-0.00535535,0.027508581,0.0135833025,0.019752556,0.015730914,0.009240203,0.005139905,0.00521514,0.0016842338,-0.0016149835,0.022666195,0.009192325,-0.014280934,-0.035127815,0.010464477,0.008474175,0.02839772,-0.019342184,0.0141167855,0.007885976,0.0065933047,-0.02246101,0.010772256,0.020600658,-0.03955983,-0.0022690133,0.01824786,0.0064975517,0.0057896604,-0.01043028,-0.020751128,0.037042882,-0.0032983623,0.018712949,0.017194573,-0.0006382135,0.017126178,0.0013525166,-0.02593549,-0.030668443,0.025415685,-0.019027567,-0.010738059,0.020628016,-0.0015542827,0.0066138236,-0.04940875,-0.02232422,0.035374038,0.015156394,0.008610966,-0.01404839,0.031680692,-0.01853512,-0.027289717,-0.0040763584,-0.0039464077,-0.018329935,2.3123483e-05,0.045441825,-0.031024098,0.014075749,0.035674978,-0.014267256,0.006562527,-0.038657013,0.0018569318,-0.0025699525,0.02304921,0.016866276,-0.012331669,0.0065933047,-0.020094533,0.007708148,-0.0015534278,-0.018343614,0.02534729,-0.024950597,0.0063128844,-0.010943244,0.014130465,-0.03378727,0.015594124,-0.00579992,0.017495513,-0.0034949987,0.016674768,-0.026715197,-0.0047910893,-0.006849787,-0.0149922455,0.008446817,0.022036958,0.017728057,0.00090196275,0.013631179,0.028890166,-0.0053382516,-0.011763988,0.008624645,-0.0059469696,0.015977137,-0.0032710042,0.048341785,-0.0042234086,0.021120463,0.01144253,0.017290326,0.025593514,0.020190286,0.009896797,-0.0074208877,0.038875878,-0.0034813196,-0.006405218,0.019602086,-0.013405475,-0.006747194,-0.0014867424,-0.01957473,-0.014239897,0.0026280887,-0.013891081,0.014910171,-0.012064927,-0.011278382,-0.013268684,-0.023117604,-0.029902415,0.0066411817,0.024567584,-0.017687019,-0.006200032,-0.021626588,-0.019054925,-0.0150879985,-0.008822991,-0.010950084,0.02013557,-0.01143569,-0.02317232,0.029464686,0.023637408,0.0061213775,0.018726628,0.004271285,-0.014144144,0.03025807,-0.017864848,-0.0070652324,0.0028931203,-0.017194573,0.0034830295,0.020737449,0.017016746,0.0008934133,-0.007749185,0.018234182,0.03983341,-0.007188344,0.033376895,-0.012926708,-0.00391563,-0.004445693,-0.00781758,-0.00047107248,-0.01839833,0.0014935819,0.031242963,-0.049901195,0.0011763988,-0.016319113,0.0042063096,0.02231054,-0.014951208,-0.028698659,-0.024827486,0.008699879,0.010683343,-0.0037993577,-0.024430793,-0.005406647,0.04183055,0.0047637313,0.0011755439,0.0072772577,-0.026906703,-0.0009771975,0.0045893234,-0.04650879,0.023500618,0.036304213,0.008412619,0.028862808,-0.003594172,-0.01636015,-0.012789917,0.02389731,0.0034060848,0.019547371,0.0037412217,-0.033841982,-0.02897224,-0.031653333,0.023500618,0.015115357,-0.025415685,-0.013296043,-0.015074319,0.010738059,0.00022100225,0.023240715,0.009082893,-0.028999599,0.008652003,-0.02839772,-0.0015431684,0.037124958,-0.0042234086,-0.0069318614,-0.010478157,-0.00050313276,-0.044128634,-0.008029606,-0.0015645421,0.0049005216,0.016702127,0.036577795,0.03417028,-0.0028777313,0.0021852292,-0.00047021755,-0.003301782,-0.014581873,0.004086618,-0.008077483,-0.0066240826,0.0031615717,0.039423037,0.023213359,0.01158616,0.014062069,-0.03419764,0.015074319,0.013241326,0.0077013085,0.0025425944,-0.034799516,-0.0051501645,-0.033376895,-0.011517765,0.03895795,-0.041939985,-0.01564884,-0.0013986834,0.025839737,0.024225608,0.010368724,0.025306253,-0.010539712,0.021476118,-0.010587589,-0.0047055953,-0.021216216,-0.020628016,0.013248165,0.007550839,0.015402617,-0.014951208,-0.01637383,0.013856883,0.009903637,0.0046850764,0.0220096,0.0028161756,-0.011380974,0.017044103,-0.035155173,-0.0025460143,-0.024376078,-0.022515725,-0.016674768,0.014964887,0.025224179,-0.03025807,0.012017051,0.010026748,-0.010751738,-0.013309721,0.022830345,0.008241631,-0.024020422,0.021311969,0.021900168,-0.021093104,0.0046303603,-0.015334222,0.0015457333,-0.0074003693,0.022132711,0.012714682,0.012270113,-0.0039532473,0.029820342,-0.0070378743,-0.0029751947,-0.021763377,0.0011601549,0.009472746,0.0036317892,0.0021031548,-0.0025460143,-0.026373219,0.012981424,-0.010033587,-0.0032060286,-0.008494694,-0.00608034,-0.033978775,0.005027053,-0.016743165,0.024718054,0.024266645,0.0032641648,0.008809312,0.014089428,0.02432136,0.011661395,-0.0049518184,0.0045688045,0.007885976,-0.004131075,-0.003707024,-0.0022690133,0.0024656497,-0.020203965,0.047001235,0.036413647,-0.02392467,-0.017741736,0.0013277234,0.0060598217,0.032091066,0.0004445693,0.003011102,-0.019451618,-0.00999939,-0.0061487355,0.0066275024,0.006504391,-0.011333098,0.003233387,-0.0058717346,0.0004001124,-0.026304824,0.006795071,-0.0031838003,0.0057554627,-0.037124958,-0.013514907,0.005105708,0.0111279115,0.004449113,-0.0005813599,-0.009506944,0.0023852855,-0.04259658,0.008446817,0.038574938,0.025470402,-0.017755415,0.0043362607,-0.0096232155,-0.019506333,0.010799615,-0.0063368226,-0.027918953,-0.023486938,-0.004767151,-0.0007296921,0.0042849644,-0.003014522,-0.012933548,0.037152316,0.0051467447,-0.033677835,0.0053211525,-0.02332279,-0.023527976,-0.006213711,0.019164357,-0.0013627759,-0.011722951,-0.011080035,-0.030394861,0.012564213,-0.018152107,0.0043738782,-0.028780734,0.018124748,-0.010703861,0.005878574,-0.0068874047,-0.011107394,-0.019670483,-0.0016474713,-0.009753167,0.0034009553,-0.005187782,0.0039737658,-0.007803901,-0.006466774,-0.006347082,0.01347387,-0.02651001,-0.009315437,-0.026154354,-0.02622275,-0.030121282,0.03821928,-0.017221931,-0.009937834,-0.028425079,-0.029026957,-0.04278809,-0.033431612,-0.015854025,0.010799615,-0.012454781,-0.0007403789,0.009684771,0.005854636,-0.004356779,-0.0007113109,-0.0318722,-0.0110321585,0.015771952,-0.0014072328,0.025812378,-0.023705803,-0.014089428,-0.022036958,0.044730514,-0.001826154,-0.011524605,0.009082893,0.0033718871,-0.017591266,-0.00013988971,-0.0024810387,0.013822686,0.0014713535,0.04027114,-0.033294823,-0.0004432869,0.026824629,0.0018347034,-0.026386898,-0.010272971,0.049791764,0.005806759,0.0055092396,0.0051467447,0.001868901,-0.008145878,-0.024088817,0.0014807578,-0.00738669,-0.02463598,0.020409152,0.0021390624,-0.024102496,0.0049312995,0.01666109,-0.020737449,0.015539408,0.019041246,-0.025306253,-0.0060051056,0.003053849,-0.008720398,-0.018521441,-0.0145545155,-0.04245979,-0.0009011078,-0.012796757,-0.0033855664,0.020737449,0.0040045436,-0.027016135,0.0010985992,-0.023692125,0.011510925,-0.0024229027,0.023131283,-0.022077996,-0.014075749,0.004414915,-0.02551144,-0.032966524,-0.021859132,-0.01202389,0.03696081,0.008234791,0.22061582,-0.030695802,-0.013111375,0.0071062697,-0.020532263,-0.0130703375,0.0020176608,-0.0043157423,0.021626588,0.026975097,0.0024690696,0.0129745845,-0.02362373,-0.005157004,-0.014691306,0.008357903,-0.0286713,0.0024793288,-0.036741942,-0.007133628,0.0018364133,-0.013316561,-0.010170378,-0.024553904,0.014171502,-0.008433138,-0.0025323352,0.010553392,0.018042674,0.03594856,-0.026879344,0.024690695,0.0017474993,-0.0062786867,-0.025278894,0.029355254,0.0076397527,0.011934976,0.018357294,0.008221112,0.011428851,-0.02216007,-0.01912332,-0.010163538,3.877291e-06,-0.009835241,-0.0120991245,-0.03359576,-0.031215604,0.00042063097,0.004363619,-0.033212747,-0.012379546,-0.010252452,-0.015129035,-0.031461827,0.008166396,0.009671092,-0.0007792787,-0.003648888,0.010512355,0.022214787,-0.019000208,0.025169462,-0.032610867,0.016592694,-0.004387557,-0.0039293086,0.004028482,0.0063539213,-0.012482138,0.007879136,0.010532873,-0.0059538092,-0.014663948,-0.021325648,0.021339327,-0.0026297984,0.025278894,0.021366686,-0.0096232155,-0.013118215,-0.0112989005,-0.019465296,-0.041091885,-0.009349635,0.00926756,-0.0033564982,-0.0034385726,0.018726628,0.014677627,-0.03162598,-0.012659966,-0.006548848,-0.0044285944,0.0138500435,-0.00040118105,0.0013986834,0.009315437,0.013077177,-0.011750309,0.032939166,0.0056426106,-0.04432014,-0.025538797,-0.0006095729,0.016264398,0.021339327,0.006412057,0.0077286665,-0.023938349,-0.03419764,-0.0149922455,-0.0032060286,0.011401493,0.021872811,0.023363827,-0.029382613,0.0034984185,0.00033834288,0.03315803,-0.0107107,-0.018767664,0.01433565,0.011086875,-0.0034368627,0.0020655375,-0.007359332,0.006466774,-0.041803196,0.00405242,0.0022365255,0.015115357,-0.0079475315,-0.0041755317,0.018001638,0.032665584,-0.020956313,0.0034077947,-0.004274705,0.0010225094,-0.0070105162,0.04314374,-0.009349635,0.011319418,-0.017454475,0.024239287,0.0022502048,0.003373597,-0.03663251,-0.048806872,-0.028753376,0.022077996,-0.028288288,-0.0036283697,0.008959781,-0.020833202,-0.023527976,0.017290326,-0.00017002638,-0.0041960506,-0.016045533,0.02651001,0.029957132,-0.035155173,-0.005864895,-0.17410702,0.009342795,0.019697841,-0.019232752,0.020272361,0.013986834,0.024553904,0.016319113,-0.018288897,0.01463659,0.018822381,0.012502657,-0.01536158,-0.017741736,0.002580212,0.006494132,-0.031242963,0.022802986,0.0006211146,0.0021612907,0.048697438,-0.025538797,-0.0008746046,-0.002233106,0.018193144,0.00077329413,-0.033841982,0.009472746,-0.013343919,-0.037918344,-0.019656803,-0.014568195,0.031516545,0.012201718,0.0004753472,0.004168692,0.009848921,0.02752226,0.0072020227,-0.0012533435,0.0030230712,0.038000416,0.024841165,-0.0011618648,0.015375258,0.0016175484,0.00054545235,-0.009404351,0.009807883,-0.03723439,0.016647412,-0.012625769,-0.004534607,0.018028995,0.03157126,0.017481834,-0.015771952,0.018781343,-0.021353006,-0.019287469,-0.007885976,-0.01536158,0.007913333,-0.023363827,-0.005519499,0.0007087461,-0.0033530786,-0.016346471,-0.005519499,0.014787059,-0.014376688,-0.01942426,0.03433443,-0.009370153,0.035100456,-0.0033240106,-0.029382613,-0.014869134,0.0018842899,-0.01361066,0.011934976,0.016141286,-0.01578563,0.018671911,0.0055263387,0.009294919,0.026592085,-0.0019338765,-0.010703861,0.013795327,0.026058601,-0.011606679,0.012625769,-0.03635893,0.040790945,0.009787365,0.028589226,0.0034300233,0.004797929,-0.014472441,-0.006695898,-0.016920991,-0.020504905,0.004886843,0.011914457,0.008303187,-0.0043978165,0.0017457895,0.025128426,-0.008289508,-0.04144754,-0.0029632254,0.023117604,0.028042065,-0.022816665,0.046700295,-0.018193144,-0.02448551,-0.01838465,0.006347082,0.018015316,0.015046962,0.0159361,0.009199165,-0.01942426,0.0037685798,-0.06773868,-0.048204992,0.01926011,-0.007448246,-0.0021578711,0.014882812,0.002202328,0.032802377,-0.006911343,0.029191105,-0.0049278797,-0.02433504,-0.0058409567,-0.009910475,-0.0075371596,-0.009842081,-0.017317684,-0.03430707,-0.029902415,0.029327895,-0.019588407,-0.030887308,0.014212539,-0.0016243879,-0.011251023,-0.0012405193,-0.025114747,0.013590142,0.0149922455,-0.0038472344,0.031899557,0.009595858,0.016907314,-0.0036967648,-0.018589837,-0.002070667,0.017481834,-0.014568195,0.03307596,0.0005719555,0.0008327125,-0.0080432845,0.03417028,-0.04330789,-0.00018552219,-0.004972337,-0.01579931,0.029656192,-0.023131283,-0.03140711,-0.0045277677,0.017167214,-0.03277502,-0.019629445,-0.0028657622,-0.047001235,-0.023117604,0.021831773,-0.008911905,-0.011100554,0.008234791,0.0035155173,0.0042576063,0.0021134142,-0.0035155173,-0.021626588,0.0027426507,-0.0005813599,0.0131455725,0.00019535402,0.013234487,-0.013603821,-0.017057782,0.006100859,-0.018453047,0.003012812,0.011346777,0.0015277795,-0.016893635,-0.018165786,-0.010532873,-0.024020422,-0.0199851,-0.002578502,-0.0021664205,0.020190286,-0.010341366,0.007694469,-0.011415172,-0.02940997,-0.006610404,0.04185791,0.006029044,-0.007434567,-0.045195602,-0.014431404,-0.016592694,0.035018384,0.011353617,-0.008378422,0.0022690133,4.324799e-06,-0.06303309,0.010820133,0.0036420487,0.0037856787,-0.013720093,-0.013446512,-0.001651746,-0.03378727,0.0024143534,-0.013836365,-0.011483568,0.0010840652,-0.0014756281,0.013275524,0.000499713,0.0057452032,0.023883631,-0.012919868,0.02273459,-0.0041481736,0.021366686,0.008371582,0.021202536,0.016428545,-0.0062821065,0.02143508,-0.028042065,0.029218463,-0.0049347193,-0.03277502,-0.003737802,-0.027111888,-0.008494694,0.043690905,-0.013357598,-0.0052595967,-0.0037719996,0.0073388135,0.014390367,-0.010484996,0.014404045,-0.0050202133,0.0037993577,-0.020409152,0.0073114554,0.0055947336,0.00032103035,0.0036044312,-0.009329116,0.00058606203,0.025470402,6.631136e-05,-0.019219073,-0.016784202,-0.023486938,-0.03562026,0.005375869,-0.023363827,0.0048765833,-0.04070887,0.017057782,0.02464966,0.032063708,-0.007708148,0.030367503,0.017700698,-0.006011945,0.011955495,0.029191105,-0.036851376,-0.018726628,-0.021913847,0.011668234,-0.0065933047,0.0019048086,-0.017769093,-0.029519401,0.024266645,-0.0063060448,0.005050991,0.015046962,-0.012632608,0.0038267158,-0.0046577184,0.03928625,0.012256434,-0.011182629,-0.019369543,0.018206824,0.009835241,-0.05217192,0.004719274,0.006329983,0.018918134,0.0014029582,0.006651441,-0.005389548,-0.014677627,-0.007414048,0.0034317332,-0.012577891,-0.0013508068,-0.028698659,-0.016305434,-0.008453657,0.024458151,-0.010669664,-0.02232422,-0.018028995,0.009479586,0.0008754596,0.0034881593,0.008884546,0.012365866,-0.031516545,0.01623704,-0.0039224694,-0.020231323,-0.028726017,0.049791764,0.008351063,0.0052630166,0.013501228,0.0074208877,0.004432014,0.010847491,0.018959172,-0.010170378,0.020368114,-0.007078911,0.006692478,-0.0077013085,0.01043028,-0.011244183,-0.009725809,0.012591571,0.020956313,0.02927318,-0.02927318,0.09520623,0.028233571,-0.0008882837,-0.018671911,0.021380365,0.037562687,0.023131283,0.007995408,-0.036003277,-0.011216826,0.031790126,-0.011647716,0.007133628,-0.011080035,-0.014814418,-0.0017432247,-0.005187782,0.0067848116,-0.019793594,-0.00796805,0.0443475,-0.0024297424,0.016784202,0.008337384,-0.029081672,-0.0050099543,-0.0015594123,0.015142715,-0.009753167,-0.030750517,0.011038998,0.020600658,-0.041502256,0.0026554468,0.010601268,0.00020817813,-0.006736935,0.0019492655,0.027084531,-0.0072909365,-0.008802473,0.044429574,-0.003229967,-0.017358722,0.018959172,-0.013097696,-0.024376078,-0.007844939,-0.009390672]	show chassis mac-addresses	5	juniper_junos
Get how a specific <prefix> is being advertised via BGP	[-0.0042320187,0.026613293,0.017896596,0.0017335135,-0.005769021,0.008913207,-0.016633308,-0.0019809077,-0.017896596,-0.013720725,0.014527826,0.029982064,-0.044074755,0.009804528,-0.0044250214,0.026065867,0.013004861,-0.010134387,0.015117361,0.007874503,-0.014555899,0.02471836,-0.022500584,-0.016689453,-0.0129838055,0.0038109224,0.00020605212,-0.010337917,-0.008218398,0.023398923,0.0147243375,-8.076498e-05,-0.023202412,0.005411089,-0.0102817705,0.009832601,-0.00024629754,-0.009453614,0.026711548,-0.00037284577,0.0068814172,6.091642e-05,0.0025493877,-0.023174338,-0.00877986,0.020998674,0.007867484,-0.008555275,-0.01565075,0.005625146,0.004358348,-0.010744977,-0.039723426,-0.009193938,-0.004414494,-0.00057900755,0.0061444985,0.018500168,-0.01345403,0.0048847185,0.0078394115,1.9903384e-05,-0.013369811,-0.0017247407,-0.024493774,0.0094115045,0.002954693,0.011460841,0.022893608,-0.010190533,0.028115204,0.02894336,0.0143734235,-0.020226665,0.016352577,-0.0056777834,-0.020507395,0.017770268,0.0026686986,0.0024599049,0.018191366,-0.009895765,-0.0070884563,0.033042032,0.022795351,-0.0017914143,0.005670765,0.027497595,-0.020086298,0.0014247095,0.011460841,0.006081334,-0.0041969274,0.0049408646,-0.009467651,0.0107239215,0.0036565205,0.026557146,-0.009502742,-0.030599672,4.5563946e-05,0.036803827,-0.017180733,-0.0010088768,-0.05370383,-0.004618024,-0.014738374,-0.0090605905,0.022795351,-0.0017335135,-0.04174469,0.033771932,-0.0069165085,0.010260716,-0.012331107,-0.012590783,0.0035723012,-0.016268358,0.0050917575,0.011657353,0.019721348,-0.0013913726,0.027132645,0.010653739,0.0013668088,0.0054602167,-0.054405656,-0.03394037,-0.0072849677,-0.010288789,0.049127914,0.018794937,-0.003296834,0.009783473,-0.006214681,0.00410569,0.0027388812,-0.002695017,-0.021475917,-0.01479452,0.027946765,0.018949337,0.011881937,-0.0014992787,-0.011917029,0.03430532,-0.000104616134,-0.00040947238,-0.01268202,-0.0074042785,-0.0055549634,-0.016450834,-0.019903824,0.0007233208,-0.00039762905,0.022725169,0.0006755088,0.021756647,-0.008344727,0.014654155,0.0035108912,0.012001247,0.01475241,-0.0063796104,-0.017980816,0.04320449,0.00873775,-0.019665202,-0.009888747,0.009039536,0.013517194,-0.016170101,-0.020507395,0.011481895,0.004467131,0.02382002,0.012127576,-0.012176705,0.02109693,-0.033631567,0.017966779,-0.011313457,0.0059725507,0.0054707443,-0.023932312,0.0006026942,-0.009860674,0.0009369395,0.005386525,0.018668607,0.0028353825,0.029701333,-0.0125416545,0.019468691,-0.59559876,-0.032733228,0.020086298,-0.013264537,0.014583972,0.017545683,0.015720932,0.018710718,-0.0050917575,0.037224922,-0.014640118,-0.0017177224,-0.0019528345,-0.018879155,0.023623507,-0.029420601,0.011650334,-0.007334096,0.03657924,-0.010429154,0.004951392,0.0060427333,-0.013671597,0.01711055,-0.015524421,-0.0041407812,-0.006821762,-0.024521846,-0.0012062658,0.030936548,-0.040705986,0.032087546,0.030150503,-0.02032492,0.036775753,-0.002837137,-0.023876166,0.008183307,0.012780276,0.032480568,-0.021532062,-0.0070989835,0.022921681,0.017966779,-0.0014290959,-0.0014483961,0.027427413,-0.0049478826,-0.0022511112,-0.027230902,0.01642276,-0.0008992163,-0.018121181,-0.012429362,0.025799174,0.016914038,0.030711964,0.0024809598,0.0037688129,-0.032199837,-0.02812924,0.030571599,-0.003589847,-0.006263809,-0.0017300044,0.00682878,0.001290485,0.009734346,0.009867692,-0.0007224435,0.04247459,0.04292376,0.0082675265,0.018556315,-0.0017124587,0.017966779,0.009285175,-0.0011904746,0.013559304,0.016113956,0.0077060643,0.0074463882,-0.008428946,0.0067305244,-0.0037547762,-0.0056637465,-0.038067114,-0.0035775648,0.009951912,0.0011974929,0.008892152,0.013910218,-0.020198591,-0.013615451,-0.002966975,0.0270765,-0.013425957,0.01077305,0.015847262,-0.031020768,0.001873879,-0.015903408,-0.019089704,-0.0031406772,0.047247015,0.0008439474,-0.01869668,0.016591199,0.012997842,-0.022823425,-0.005754984,-0.014443607,-0.027160717,-0.013664578,-0.014127784,-0.030010138,0.032171763,-0.012548673,0.006614723,-0.030487379,0.018584387,0.014682228,0.026318526,0.00018576492,0.021882977,0.014001455,0.02763796,-0.0075656986,-0.0023634036,0.021475917,-0.018079072,-0.03618622,-0.004758389,-0.012850459,0.033715785,-0.011313457,0.006800707,0.0045864414,-0.013348756,-0.032817446,-0.030206649,-0.021433806,0.006614723,-0.000987822,-0.040874425,0.0107098855,-0.018879155,0.009650126,-0.0033143796,0.006614723,0.024493774,0.0064778663,0.010295807,0.006484885,-0.003084531,-0.012443399,-0.021882977,-0.02060565,-0.011194146,-0.0012703075,0.003519664,0.014850667,0.00017260567,0.0012615346,-0.018500168,0.0008943912,0.008772842,0.0069726547,0.008772842,-0.038151335,-0.003645993,0.0010755504,-0.030711964,0.008204361,-0.013741779,0.012738166,-0.024227079,0.00049434963,0.009685217,6.354827e-05,0.01886512,0.031722594,0.0017528138,0.0058672763,0.027680071,-0.010464245,0.02727301,0.011881937,-0.023960385,0.0009158847,-0.014850667,0.022837462,-0.02028281,0.005397052,-0.028255569,0.004596969,-0.0013676861,0.031133061,0.0012106522,0.020746017,0.02532193,-0.006263809,0.023033973,-0.043794025,0.011643316,-0.0063620647,0.028353825,-0.033996515,0.019819604,0.017896596,0.018963374,-0.030908477,0.010843232,0.0028546827,-0.010674794,0.010050167,-0.016717527,0.024114788,-0.005130358,0.0021879468,0.0041442905,0.007263913,0.016184138,0.011678407,-0.008337709,0.006670869,0.008204361,-0.0015168244,0.0064603207,-0.016450834,-0.009179901,0.0036284474,0.0028634556,0.017531646,0.009615035,-0.00011349864,0.020970602,0.0032389332,0.026192196,-0.020381065,0.012373216,0.016535053,0.012696057,-0.020198591,0.031526085,0.008597385,0.010295807,0.0055865454,-0.011636297,0.012703075,-0.010232642,0.0014264641,0.02727301,0.020142445,0.027034389,-0.0026879988,0.022121597,0.043569442,0.011025707,0.013804943,0.044888876,-0.0030073302,0.009439577,-0.012246887,0.030571599,0.019609056,-0.001225566,-0.011313457,-0.0046425876,-0.011215201,-0.0007452529,-0.008871097,-0.00011097645,-0.014233058,0.008442983,0.012836422,-0.020338956,-0.014212004,-0.00020002079,0.012401289,-0.017672012,-0.01979153,0.014331315,0.006751579,-0.032536715,-0.03545632,0.0024213044,0.017489538,-0.031806815,-0.02191105,-0.01755972,-0.0049689375,-0.01837384,0.009916821,-0.0066638505,0.0003594672,-0.00053119555,0.013341738,-0.023160303,-0.0013255763,-0.01751761,0.016198175,-0.061143197,-0.02849419,0.038993526,0.013910218,-0.016675418,-0.010499337,-0.018275583,0.0014826102,-0.019805567,0.010029113,-0.022051414,0.008597385,0.018612461,0.025448259,-0.006162044,-0.0117626265,0.03773024,0.010225625,-0.004804008,-0.015805151,-0.01687193,0.029982064,0.014345351,-0.0202407,0.017180733,0.0017273725,-0.03267708,-0.025462296,-0.020044189,-0.010716903,0.023918275,-0.023890203,-0.0023563853,0.017938707,0.0040214704,0.0075306073,0.011208182,0.017587794,-0.019749422,-0.0077692284,0.01687193,-0.0073551503,-0.008807933,-0.026964206,-0.028353825,0.049408644,-0.019131813,0.034810636,0.0090605905,0.011348548,0.010176497,-0.012583764,-0.010766031,0.00032459514,0.020198591,-0.0174755,-0.006116425,0.023567362,-0.01247849,0.026206233,-0.017461464,-0.0018159782,0.020802163,0.046124093,0.010085259,-0.0167456,0.0074323514,-0.037365288,0.0139032,0.02426919,0.0054461802,0.014598008,-0.015454238,-0.012815367,-0.01588937,-0.012590783,-0.0063831196,0.012934678,0.027160717,0.02930831,-0.025209637,-0.059571106,-0.017433392,-0.007972758,0.026107976,-0.011650334,-0.0058953497,-0.024114788,-0.028438043,-0.016170101,0.0011817018,-0.01093447,-0.022542695,0.002219529,-0.05516363,0.020479321,0.028016947,0.03413688,0.03596163,-0.010169478,-0.007853447,0.014962959,-0.017994853,0.008260508,0.016156066,-0.037421435,0.0041021807,0.030627744,0.0062322267,0.003105586,-0.00682878,-0.0060743154,-0.029083725,-0.009032518,0.036354657,-0.0128925685,0.0051128124,0.01682982,0.005597073,0.008000832,0.012604819,0.011888955,0.019566946,0.0027353722,-0.013061007,-0.015075251,0.0066112136,0.04707858,-0.00033292934,-0.020465285,-0.01642276,-0.0005281251,0.0018265056,-0.0143734235,-0.012864495,-0.018500168,0.020577578,0.0020335447,-0.0001558276,0.03402459,-0.00020517483,-0.003923215,0.011439785,-0.008148216,0.019300252,-0.017040368,-0.029785553,0.012906604,-0.002658171,-0.006470848,-0.0044846768,0.00825349,-0.0062252083,0.009243066,-0.0029564477,-0.023511216,-0.003719685,-0.005084739,-0.016900003,-0.0026774714,-0.041155156,-0.026360635,-0.027258974,-0.01381898,-0.006049752,0.006955109,0.01520158,-0.01687193,-0.037252996,-0.0054567074,-0.0032494606,0.0023423487,-0.015791114,-0.010337917,0.012057394,-0.009769437,-0.00091763923,-0.027188791,0.0025441241,0.018359803,-0.012331107,0.012618856,0.0154121285,-0.0011922292,-0.005754984,0.021602245,0.0048777,-0.023230486,0.037646018,-0.035765123,-0.032929737,-0.02118115,-0.0085272025,-0.0034459722,0.019005485,0.01869668,-0.00313015,0.015341946,-0.0047127707,-0.018500168,0.008857061,-0.04525383,-0.013004861,-0.013068025,-0.010471264,0.002719581,-0.044495855,-0.021588208,0.001938798,0.006572613,0.033800006,-0.020114372,0.0022826935,0.015819188,0.0084500015,0.022486549,-0.0006496289,-0.0005474253,-0.015959553,0.0010264225,-0.011959137,0.0127241295,0.0045022224,-0.009460633,-0.01438746,0.00033073613,0.019482726,0.0068182526,0.0029792571,-0.023609472,-0.004951392,-0.013341738,-0.023216449,-0.03194718,-0.05353539,0.021279406,0.01329261,-0.008948298,-0.025827246,0.0230059,-0.015173507,-0.016535053,-0.027399339,0.0056005823,0.026529074,-0.01565075,0.015622676,0.0040355073,-0.041042864,-0.02791869,0.0016835083,-0.033070106,-0.032087546,0.0016150802,0.006674378,-0.015636712,-0.012955733,-0.0014676964,-0.0007829761,-0.022753242,-0.019454654,0.038488213,-0.016478905,0.0079306485,0.0075095524,0.00039017215,-0.0055795275,0.05698838,-0.0048777,-0.018303657,0.0034810635,-0.0032985886,-0.007993814,0.005909386,-0.02223389,0.049577083,0.013825999,-0.012583764,-0.01223285,0.022753242,-0.0012975032,0.023216449,-0.029532894,-0.0019370435,0.006474357,0.0049584103,0.0042214915,0.0026809804,0.024746433,-0.0066533233,0.0033670166,0.030206649,0.0118679,-0.00038490843,-0.019721348,0.0014975241,0.0074323514,-0.00070752966,-0.009095683,0.0313015,0.0048180446,-0.032368276,0.03368771,0.004474149,-0.017405318,0.009488706,-0.0064778663,0.008934262,-0.02986977,0.011229238,0.013559304,-0.011439785,-0.021518026,-0.019735385,0.019019522,0.038347844,0.028606482,-0.00719373,0.008906189,0.0053479243,-0.033547346,-0.010506355,0.02958904,-0.0032933247,-0.033519275,-0.016226249,0.011636297,-0.03194718,0.03438954,0.0046671517,-0.023230486,-0.033800006,0.0003166996,0.013131189,0.016521016,0.0060988795,0.0154121285,0.010190533,0.003670557,0.0059444774,0.008955317,-0.0030213667,-0.00857633,-0.004365366,0.037252996,-0.028887214,0.015173507,-0.01442957,-0.0046987343,0.031694524,-0.016184138,-0.0056883106,-0.0098396195,0.02109693,0.005246159,-0.036270436,0.0021475917,0.0012404799,-0.018682644,0.024058642,0.0012878531,0.009650126,0.036719605,-0.019482726,-0.014555899,0.008014868,-0.031891033,-0.0237358,-0.05027891,-0.010134387,-0.0041127084,-0.02812924,-0.029701333,0.035344023,0.008702659,-0.03784253,-0.029364455,-0.04011645,-0.021574173,0.017138623,0.025181565,0.019580983,-0.032199837,0.0034178991,-0.0043723844,0.02068987,-0.025420187,-0.00036122176,-0.009636089,-0.00097554,-0.00070489786,-0.023019936,0.016156066,0.0038179408,-0.017826414,0.0010711639,0.03141379,0.00719373,0.0006641041,0.020914454,0.011566115,-0.0043197474,-0.016549088,-0.0027143173,0.023146266,0.0034512358,0.049605157,-0.05555665,-0.00016317486,0.0053514335,0.0141137475,-0.034249175,0.022500584,0.008562294,0.009832601,0.0022212835,-0.026430817,0.0025002598,-0.022711134,0.013524213,0.019159887,0.021054821,-0.02129344,0.026529074,-0.0046601337,-0.01381898,0.012829403,0.027385302,-0.033519275,-0.017082477,0.025223674,-0.002454641,-0.030094357,-0.019524837,0.002207247,-0.00032371786,-0.008400873,-0.010337917,-0.028016947,-0.012773258,0.0098536555,0.0160157,-0.021405734,-0.0029424112,-0.0021160094,-0.01365756,-0.018724753,0.012015284,0.0031108498,-0.030318942,0.0049724467,-0.0020212627,-0.004344311,-0.025883391,0.004909282,-0.0019966988,-0.009944893,-0.014682228,0.19404122,-0.010990616,-0.00011306,0.032255985,-0.0011202919,0.023174338,0.0020265265,0.012506563,0.016029736,0.012162668,0.0030354033,0.0059585143,-0.0045583686,0.010913415,0.02605183,-0.0053724884,-0.019903824,-0.029701333,-0.016492942,-0.0014948922,0.010015076,0.013229446,0.0061234436,-0.015945517,0.029055651,0.008506147,-0.012745185,0.016408723,0.03003821,0.003621429,0.011215201,-0.011222219,0.0063796104,0.0035337007,3.7613558e-05,0.01138364,0.0037407398,0.017966779,0.019707311,0.016801747,0.026009722,-0.018851083,-0.025869356,-0.025714954,0.019328324,-0.0029248653,-0.008085051,-0.033968445,0.013769852,0.021040784,-0.023033973,0.014906812,0.012296015,0.0023546307,-0.034445684,-0.028999506,0.009706272,0.0063024093,0.020170517,0.018935302,0.015538457,0.03773024,-0.019300252,0.020479321,0.008113124,0.034249175,-0.0077201007,0.001509806,0.026851915,-0.0148927765,0.010429154,-0.00934834,-0.001623853,0.010492318,-0.016928075,-0.010232642,0.019117776,0.02349718,0.026023759,0.018401913,0.0019844167,0.00617959,-0.025897428,0.020044189,-0.018458059,-0.014106729,0.012190741,-0.013110135,-0.019482726,0.010695849,0.018949337,-0.022753242,-0.02214967,0.0034459722,0.0072498764,0.020254737,-0.0054075797,0.0152436895,-0.010562502,-0.015271763,-0.013376829,0.10111928,0.040341035,0.0048145354,-0.024199007,0.0050356113,0.025013126,0.0053514335,0.0011606469,-0.006986691,-0.008997426,-0.04401861,0.0031564685,-0.0057725296,-0.014991032,0.0044566034,-0.024479738,-0.011832809,0.0033301706,-0.012808349,-0.0070533645,-0.024648177,0.0023002392,0.007656936,-0.017994853,-0.0035266823,-0.01751761,0.0028687192,-0.010267734,-0.016071847,0.021644356,0.009734346,0.015215617,0.0044601127,-0.016198175,0.013082062,0.012288997,-0.017054405,-0.030375088,0.0055023264,0.012324088,-0.0069726547,0.022697097,0.0043408023,0.019244106,-0.032536715,0.0041758725,-0.009987003,0.008274544,-0.010639703,-0.052244026,-0.048398014,-0.012857477,0.016492942,0.010478282,0.009292194,0.014212004,-0.031441864,0.03040316,0.0038179408,-0.021784721,0.0072498764,0.019384472,-0.005877804,-0.013734761,0.013194354,-0.17832029,0.003874087,0.018359803,0.019552909,-0.028522262,-0.024241116,0.015313872,0.0026441345,-0.021897012,0.034951,0.0009246575,0.005182995,-0.023019936,-0.0121135395,-0.014668192,-0.014197967,-0.034614123,6.585114e-05,-0.013173299,-0.008688622,0.019187959,0.025293857,0.022247927,-0.006670869,0.014485716,0.015145434,-0.016352577,0.00971329,-0.02930831,-0.030852329,0.00117907,0.0016273621,-0.012534636,-0.023216449,0.019805567,0.0049163005,-0.035708975,0.009193938,0.0037231941,0.026964206,0.04654519,0.002386213,0.009306231,0.003933742,-0.009137792,-0.012604819,-0.0056426916,0.016928075,0.013552286,0.015271763,0.02654311,0.0024160405,0.008948298,-0.012794312,0.011004653,0.013096098,0.026879987,0.022065451,0.0021774194,-0.015075251,-0.0052005406,-0.003166996,-0.008071015,-0.024437629,-0.047864623,-0.009987003,-0.025504405,0.030459307,-0.01991786,0.0055339085,0.005846222,-0.010906396,0.024283227,-0.009741363,0.026837878,0.013229446,-0.0028722284,0.012773258,-0.016408723,0.018823009,-0.010127368,0.03413688,-0.032705154,0.051514126,0.020310882,0.014920849,-0.0125206,0.0027669542,0.0077832653,-0.009727327,-0.0011387148,-0.010906396,-0.0066638505,-0.021784721,0.013636505,0.04808921,0.03211562,-0.0033336799,0.01162226,-0.019075667,-0.0017738686,-0.02118115,-0.020802163,0.018387876,-0.015005069,0.0074463882,0.022458475,0.010478282,0.011692444,0.013868108,-0.029701333,0.009271139,-0.0033722804,0.0064497935,-0.0040425253,0.033603493,-0.0071761846,-0.0257711,-0.00760079,-0.003084531,0.04699436,0.01329261,0.027413376,-0.007593772,-0.005418107,0.00091062096,-0.114762805,-0.016885966,0.004337293,-0.0014598009,-0.020268774,-0.007972758,0.003503873,0.02877492,-0.008078033,0.017854488,-0.024339372,-0.03601778,0.017054405,0.011741571,-0.0067164875,-0.01650698,0.0017826414,-0.028831067,0.02150399,0.018275583,-0.013748798,-0.042727247,-0.012836422,-0.0038389955,-0.004386421,-0.031750668,-0.032059472,-0.0062708273,0.007369187,0.0047338256,0.008765823,-0.029111799,0.010639703,0.009067609,-0.0006741929,-0.0069902004,-0.009257102,-0.013355774,0.005702347,-0.032059472,-0.0069586183,-0.0035214187,0.00079876726,0.0020826727,-0.018219437,-0.03646695,-0.028732812,0.024493774,-0.0067094695,-0.011601206,-0.016885966,-0.0037653036,-0.020563541,-0.03556861,0.011797718,-0.0062497724,-0.02101271,0.023665618,-0.02129344,0.018135218,-0.006551558,0.0053584515,0.013334719,0.0060357153,0.004723298,0.010534428,-0.014920849,-0.03438954,0.011039744,-0.0008654408,0.0014896286,0.006084843,-0.008906189,0.020128408,-0.023483142,-0.00682878,0.008197343,-0.0083587635,-0.0008952685,-0.042502664,-0.009636089,-0.024788542,-0.0038600503,-0.033042032,-0.00258097,0.014569935,-0.011292402,0.011474877,0.0004055246,-0.049043693,0.023805983,0.022177745,0.008793897,0.022739206,-0.038965452,-0.0073481323,0.008379819,0.0019966988,0.012345143,0.012288997,-0.013931273,0.008639495,-0.0765834,0.006004133,0.0021089911,0.008927244,0.010050167,-0.013180317,0.0010211588,-0.026571183,0.0046566245,0.010457227,-0.0060708066,0.024044605,-0.033322763,0.009299212,0.0014080411,-0.018626498,0.0118679,-0.050671935,0.026374672,-0.00039675177,0.0035477371,0.0025002598,0.022458475,0.0045373137,-0.0007391119,0.02735723,-0.02836786,0.029336384,-0.027216865,-0.006344519,0.021939123,-0.041239373,-0.00503912,0.034698345,-0.0131522445,-0.0066006863,0.0107098855,0.045674924,-0.0059234225,0.012878532,0.004621533,-0.017208807,0.0017317589,-0.007628863,0.0066849054,0.008772842,-0.029083725,0.017461464,0.033631567,-0.0067726336,0.020535467,0.005951496,-0.026206233,-0.039105818,-0.0046531153,-0.00816927,0.0037653036,-0.0061409893,-0.0029248653,-0.020268774,0.049885888,0.0066392864,0.031329572,-0.007993814,0.020381065,-0.00012084589,-0.0134119205,0.002605534,-0.013173299,-0.036045853,0.014169894,-0.0152436895,0.0025564062,0.00020232366,0.033884224,0.008885134,0.005825167,-0.01479452,-0.035091367,0.009650126,0.03846014,-0.032873593,0.0013782134,0.00914481,0.00443204,0.0010071222,-0.008492111,-0.0002194307,-0.017489538,-0.001358036,-0.00045180134,-0.002645889,-0.0071235476,0.005569,-0.0067866705,0.0013010125,0.0023546307,-0.013285591,0.015931481,0.009425541,-0.0074814796,0.015145434,-0.018359803,0.010267734,-0.030936548,0.031076914,-0.020184554,-0.031862963,0.0057128747,-0.021518026,-0.01597359,-0.008702659,0.0038670686,0.02817135,-0.015636712,-0.0031213772,-0.004312729,0.0042495644,-0.010246679,0.011173091,0.0006575245,-0.008190325,0.01353825,0.011678407,0.014331315,0.0034635179,0.026669439,-0.012773258,-0.00406358,-0.012878532,-0.013468066,-0.0012799576,-0.020296847,-0.008218398,-0.013053988,-0.009243066,0.02332874,0.043232564,-0.025588624,0.10774453,0.00788854,-0.011187128,-0.014071638,0.008632476,0.01365756,0.010394063,0.0073832236,0.00077815104,-0.049520936,0.017405318,0.0057304204,-0.0038881234,-0.038375918,-0.00682878,-0.0058356943,-0.0050952663,0.007418315,-0.0037828493,0.0028599463,0.045590702,-0.009032518,0.015468274,-0.02491487,-0.006004133,0.00031187452,-0.011081854,-0.020086298,0.007299004,-0.032789372,0.026346598,0.0093202675,-0.019777494,-0.007972758,0.0049689375,-0.019356398,-0.0037372306,-0.004498713,0.044945024,0.00033863168,0.005572509,0.01614203,-0.008190325,-0.018486133,0.008892152,0.0014124275,-0.009741363,0.0047373343,-0.015482311]	show route protocol bgp <prefix>	6	juniper_junos
Get the prefixes advertised to a <neighbor> via BGP	[0.006802304,0.010671406,0.010241107,-0.0011510488,-0.00438546,0.020998573,-0.017197601,0.013152795,-0.029202934,-0.014429348,0.008118301,0.014601467,-0.03416571,0.018402439,-0.00018937622,0.0114100855,0.008383651,-0.016423063,0.020840798,0.0035553423,-0.007774062,0.024025006,-0.009796466,-0.02395329,-0.009358995,0.003700568,0.007042554,-0.017943453,-0.014816616,0.022447245,0.020410499,0.00647958,-0.03189947,0.0008135333,-0.0102124205,0.005127725,0.0001647237,-0.01788608,0.027123157,0.008319107,0.00015049246,-0.012471489,-0.0072182594,-0.024570052,-0.009796466,0.021873513,0.008433853,-0.003241583,-0.013984705,0.0076808305,0.023379559,-0.025502365,-0.030006157,-0.013396631,-0.00933748,-0.017914766,-0.012335227,0.034624696,-0.008885667,-0.013195825,0.013956019,0.006623013,-0.014945705,0.0001883677,-0.01946384,0.0082043605,0.019750707,0.008763748,0.014536922,-0.009445054,0.03057989,0.030264337,0.004550408,-0.018000826,0.002536969,0.00020517624,-0.0075158826,0.018043855,-0.001289103,0.012951989,0.00938051,-0.0073724496,-0.015031765,0.017599214,0.035456605,0.002017025,0.019263035,0.021414528,-0.010642719,0.0022016945,0.021098975,0.020224035,-0.0042348555,-0.0013670946,0.0028740363,0.007974868,-0.001850284,0.021787453,-0.009853839,-0.019406468,-0.011689779,0.038985055,-0.011768667,0.0057229716,-0.05401682,0.012708153,-0.028241932,-0.0089717265,0.028614858,-0.005572367,-0.036718816,0.034309145,0.0048050014,0.019277379,-0.018775363,-0.016279632,0.009452227,-0.0056010536,0.015992766,-0.0001324513,0.021672707,-0.0021210136,0.037091743,0.012155936,0.0014934948,0.0021640435,-0.04288643,-0.028084157,-0.032042906,-0.002700124,0.03459601,0.024813887,-0.0060098376,0.00615327,-0.0045862664,0.021801798,-0.0035678928,-0.013375116,-0.024154097,-0.011718466,0.021514932,0.013410974,-0.006418621,0.0038906168,0.007709517,0.046529625,0.011331197,0.0056871134,0.0057767592,-0.030006157,-0.012356742,-0.007024625,-0.019148288,-0.009889697,-0.0061819567,0.01645175,-0.008132644,0.033132993,0.00538949,0.014988735,0.022289468,-0.004632882,0.014242885,-0.010370197,-0.009086473,0.0399604,0.004751214,-0.008720719,-0.0063469047,0.008749406,0.014773586,-0.010420399,-0.013246026,0.017857393,0.004919748,0.022934917,0.014787929,-0.014787929,0.016380034,-0.02596135,0.011962302,-0.009538286,-0.00044643483,0.0061496845,-0.0154764075,-0.005314188,-0.005794688,-0.007365278,-0.008319107,0.022189066,0.011761496,0.021357154,0.0022393458,0.006802304,-0.5769444,-0.033792786,0.037894964,-0.02504338,0.023752484,0.028715262,0.015490751,0.018359408,-0.0116969505,0.04695992,-0.016767303,-0.00251904,-0.00082922133,-0.019047886,0.020969886,-0.017900422,0.0028041126,-0.005895091,0.04630013,-0.013174309,0.0047942437,0.026664171,0.005636912,0.010786152,-0.014802272,0.00056431873,-0.011001302,-0.027696889,-0.019650305,0.027797291,-0.04397652,0.029747978,0.022289468,-0.007845778,0.037091743,0.0035445848,-0.020754738,-0.00018713508,0.021672707,0.011675436,-0.012650779,-0.021973917,0.010535144,0.029690605,-0.0104706,0.008821121,0.019535558,0.0059058485,0.0013599229,-0.031354427,0.027467396,-0.01007616,-0.009244249,-0.0026122713,0.020783424,0.013511376,0.024527023,-0.0047476282,0.007910323,-0.033190366,-0.012112906,0.020998573,-0.017699616,-0.0070568975,0.006784375,0.007989211,0.0022250025,-0.00352307,0.013683496,-7.939234e-05,0.036546696,0.03838264,0.00082070497,0.011273824,0.0021676293,0.019879796,0.018617587,-0.0051635834,-0.004066322,0.01059969,-0.0071537145,0.00067592744,-0.030522516,0.0046759117,0.0084912265,-0.0025387618,-0.03149786,0.0018332514,0.019951513,0.0072397743,0.0032523405,0.008139816,-0.020840798,-0.029604545,-0.0012209724,0.022246439,0.0015383175,-0.012170279,0.014099452,-0.040419385,0.014242885,-0.009674547,-0.022432901,-0.013841272,0.02613347,0.0015544537,-0.0013052392,0.02461308,0.008132644,-0.019965855,-0.0090291,-0.011395742,-0.020367468,-0.02085514,-0.018115573,-0.026735889,0.026850635,-0.021687051,-0.0077812336,-0.035800844,0.0071573006,0.023092693,0.023264812,-0.004991464,0.051807955,0.0020851553,0.019406468,-0.005751658,0.002459874,0.019220006,-0.007953353,-0.013102593,-0.0067485166,-0.011381399,0.027366992,-0.003345572,0.009753436,-0.012700981,-0.019492527,-0.023379559,-0.031153621,0.0028650716,0.0062321583,0.009151017,-0.029633231,-0.015949735,-0.014257228,-0.0006723416,-0.01758487,0.010606861,0.03307562,0.01814426,0.011367056,0.00352307,0.010592517,-0.021414528,-0.01147463,-0.0121774515,-0.017341034,-0.0063720057,0.007573256,0.002556691,0.0023254056,0.00029246858,-0.0055831247,-0.005898677,0.02386723,0.0023881574,0.011589376,-0.034395203,-0.027453052,-0.016882049,-0.041480787,0.017140228,-0.027395679,0.0072541176,-0.024842573,0.0070353826,0.005651255,0.007931838,0.014242885,0.01985111,-0.0040555648,0.0071752295,0.028772635,-0.01605014,0.034481265,0.00018310103,-0.023422588,-0.0043029864,-0.03224371,0.0352558,-0.016480437,5.9110032e-05,-0.014888332,0.0045862664,0.0014343287,0.026119126,-0.0043782885,0.005454035,0.021170693,-0.009667376,0.038325265,-0.0461567,0.007386793,8.779661e-05,0.01963596,-0.030637262,0.017943453,0.0143289445,0.02089817,-0.0322724,0.002694745,0.0038296578,-0.017513154,0.007752547,-0.014551265,0.023895917,0.006300289,-0.009488084,-0.009954241,-0.00017671379,0.021543618,0.029045157,-0.012220481,0.011087362,-0.00031219062,0.020726051,0.0032917846,-0.0035894078,-0.00042738515,-0.0005652152,-0.009301622,0.0038726877,0.005170755,-0.0014666012,0.029260306,-0.0011133977,0.01980808,-0.028743949,0.020797767,0.02910253,0.0027055026,-0.0035876147,0.035313174,0.016996795,0.018775363,0.01230654,-0.03382147,0.021658365,-0.0056906994,0.0047045983,0.0144221755,0.030780695,0.0071106846,0.0013895059,0.033878844,0.036661442,0.027739918,0.027309619,0.034538638,-0.011237966,0.009559801,-0.014988735,0.040734936,-0.0014397075,0.0059058485,-0.014960049,0.015634183,-0.024154097,0.0034746614,-0.019922826,0.010520801,-0.018187288,-0.0015930014,0.016380034,-0.027065784,-0.013224511,0.012779869,0.0079676965,-0.0035535495,-0.01256472,0.013697839,0.022891887,-0.032788754,-0.025631456,0.0030443629,0.0078027486,-0.028786978,-0.0042169266,-0.0044105607,0.007630629,-0.015734587,0.0038547586,-0.011625235,-0.014379146,0.010112017,0.014744899,-0.016394377,-0.014020563,-0.0054934793,0.017828707,-0.051951386,-0.013697839,0.030006157,0.010018786,-0.00994707,-0.010305652,-0.017298006,-0.0061891284,-0.034882877,0.012593406,-0.004654397,0.028442739,0.017398408,0.0068166475,0.0045826803,-0.008426681,0.030522516,0.0062465016,-0.015576811,-0.021715738,-0.027108813,0.020381812,-0.0033850158,-0.012765526,0.015777616,-0.0045862664,-0.0261765,-0.018302035,-0.01260775,-0.00022624295,0.020353125,-0.031210994,0.00022344153,0.02818456,0.0072397743,-0.0045432365,0.019004855,0.015275601,-0.032014217,-0.025459336,0.0062572593,-0.013389459,-0.022260781,-0.033706725,-0.014888332,0.037751533,-0.02596135,0.04280037,0.012937645,0.019678991,0.015634183,-0.0074585094,-0.019435154,-4.1573123e-05,0.0027467397,-0.014759243,0.0023827786,0.016250946,0.004446419,0.017570527,-0.011116047,-0.0176279,0.022016946,0.02500035,0.009516771,-0.00824739,0.02102726,-0.029489798,0.017527496,0.010743123,0.008627487,0.0059417067,-0.0056333262,-0.028500112,-0.010578174,-0.011488973,-0.019592931,0.008010726,0.027682545,0.01195513,-0.020137975,-0.06615124,-0.010757466,-0.0069815954,0.027323963,-0.0123639135,-0.011668265,-0.038726877,-0.014163996,-0.016179228,0.0017982897,-0.020037573,-0.025330245,0.012112906,-0.042427443,0.017125886,0.021156348,0.040189892,0.029948784,-0.00023980184,-0.0185889,0.026104784,-0.01566287,0.01003313,0.025502365,-0.019822424,0.00023083728,0.030809382,-0.023723798,0.013604608,-0.0064006923,-0.022633707,-0.030952815,-0.0149026755,0.013819758,-0.010886556,-0.0040412215,0.02198826,0.0071357857,-0.013999049,-0.0013930917,0.0025674484,0.021959573,0.0061353412,-0.0005414591,-0.009574144,0.0066624573,0.033046935,0.00061317557,-0.0074943677,-0.022590678,0.0019973028,0.009086473,-0.013540063,-0.010370197,-0.0039981916,0.0023666425,0.003060499,0.0049807066,0.018201632,-0.019377781,-0.0079676965,0.0077453754,0.002841764,0.025072066,-0.01692508,-0.034624696,0.013317742,0.006985181,-0.0023505061,-0.002459874,0.015103482,-0.010061816,7.541432e-05,0.0053177737,-0.02989141,-0.019363439,-0.00073778286,-0.016523467,-0.0037400122,-0.043603595,-0.022590678,-0.003865516,-0.020467872,0.000643655,0.0003767354,0.013109765,-0.010334339,-0.03189947,-0.013073906,-0.0006154167,-0.0052066133,-0.025387619,-0.00022097628,0.022016946,-0.0067305877,-0.013339258,-0.016724274,-0.0054181768,0.013948848,-0.0099757565,0.019478185,0.009889697,0.006945737,0.009667376,0.023695111,0.0082043605,-0.017498812,0.03660407,-0.024942977,-0.018904453,-0.011510489,-0.0005073938,0.004636468,0.01985111,0.027539112,-0.0012783455,0.010621204,0.009480913,-0.016222259,0.032530576,-0.047619715,-0.0068955356,-0.015777616,0.0079174945,0.018302035,-0.03551398,-0.01130251,0.023135724,0.0044141468,0.012528862,-0.025789231,0.011653922,0.024240157,0.008720719,0.012277854,0.013432489,-0.013296228,-0.019205661,0.009739093,-0.040046457,-0.0011662886,0.009301622,-0.0112164505,-0.024182783,-0.020338781,0.019320408,-0.005048837,-0.0011878035,-0.03660407,-0.023092693,-0.0038511727,-0.0112164505,-0.020826453,-0.057487898,0.022848858,0.028916068,-0.009201219,-0.030780695,0.02412541,-0.006766446,-0.017828707,-0.020726051,0.01675296,0.012744011,-0.04314461,0.0027108814,0.0031662807,-0.030006157,-0.036661442,0.004141624,-0.017154573,-0.028643545,0.014845302,0.010370197,-0.0071644722,-0.004374703,-0.01099413,0.005152826,-0.022404214,-0.040419385,0.03350592,-0.017240632,0.013468347,0.0069170506,0.008383651,-0.021299781,0.05017282,-0.009717577,-0.023365216,0.01199816,-0.006536953,-0.021615334,-0.00027745296,-0.03468207,0.051980074,0.005030908,-0.02089817,-0.006787961,0.027912037,0.016308319,0.018416781,-0.03869819,0.023178753,0.007103513,0.0016172057,0.00213715,-0.0025495193,0.0068955356,-0.0037758704,0.016882049,0.036489323,-0.005819789,0.0008094993,-0.029332023,0.0072397743,-0.010284137,0.0012935853,-0.012055533,0.021314126,-0.014759243,-0.028944755,0.030034844,0.0077453754,-0.019836767,0.00047556963,-0.019234348,0.014228541,-0.038669504,0.016236601,0.008118301,-0.017068513,-0.039013743,-0.016953766,0.013733698,0.047390223,0.0092083905,-0.010635547,0.0059201918,0.008276077,-0.035313174,-0.012830071,0.019062229,-0.0050882814,-0.03669013,-0.005651255,0.0040197065,-0.020281408,0.040046457,-0.00094307115,-0.024928633,-0.017054169,-0.0062070577,0.014178339,0.0056261546,-0.003682639,0.019865453,0.0071142707,0.00029358917,0.013740869,-0.00859163,0.019822424,-0.006164028,0.001830562,0.044779744,-0.02613347,0.023981977,-0.011108876,-0.0057337293,0.03459601,-0.019607274,-0.012822899,-0.0066337707,0.008627487,0.008584457,-0.02613347,0.014637325,0.00019363438,-0.012378257,0.037636787,0.003444182,0.006830991,0.030034844,-0.0021479074,-0.015605497,0.0032236539,-0.024584394,-0.032444518,-0.04541085,0.007551741,-0.0102124205,-0.030665949,-0.01692508,0.024942977,0.021457558,-0.025947006,-0.022590678,-0.038583443,-0.00833345,0.023494305,0.014300258,0.005500651,-0.009717577,-0.0012828278,-0.0026911593,0.00898607,-0.0064293784,0.019478185,-0.014551265,-0.0048193447,0.0017256768,-0.015074795,0.005938121,0.0066373562,-0.023494305,0.005654841,0.030264337,0.016939422,-0.0058090314,0.0238242,0.00083460007,-0.001318686,-0.014917019,0.0006382763,0.036145084,0.013661982,0.043230668,-0.04925485,-0.008799607,-0.005443278,0.010011614,-0.022547647,-0.0026750232,0.024512678,0.013174309,0.015361661,-0.013109765,-0.006626599,-0.005891505,0.007365278,0.012887443,0.023781171,-0.012263511,0.026104784,-0.02098423,-0.006264431,-0.011618063,0.010140704,-0.033907533,-0.018244661,0.025947006,0.020496558,-0.023522992,-0.0073007336,-0.008749406,-0.004934091,0.00028686575,-0.0053213597,-0.030178277,-0.00802507,0.008907181,0.022705425,-0.025717514,-0.001068575,0.0008216014,-0.011338369,-0.01147463,0.010018786,0.021414528,-0.03250189,0.019607274,0.009696063,-0.009566973,-0.014357631,0.008570114,-0.009939898,-0.001850284,-0.013009362,0.20057653,-0.024311872,0.00135813,0.034882877,-0.014063593,0.033735413,0.0036163013,0.01574893,0.030092217,0.022174723,-0.0040842514,0.0025602768,-0.012851586,0.016466094,0.031038875,0.0026535082,-0.012077048,-0.025545396,-0.008197188,0.006339733,-0.006404278,0.021514932,-0.004363945,-0.015978422,0.022432901,0.01871799,-0.023408245,0.009939898,0.013066735,0.01985111,-0.00243298,-0.0119838165,0.011044332,-0.006899121,0.0052281283,0.010757466,0.005618983,0.008763748,0.0054612067,0.022920573,0.033964906,-0.015433378,-0.03786628,-0.004528893,0.018215975,0.008190017,-0.0075589125,-0.02596135,-0.0013312363,0.00802507,-0.016322661,-0.009911212,-0.0021945229,0.009480913,-0.020525245,-0.028758291,0.005134897,0.031383112,0.019736364,0.019263035,0.023494305,0.035972964,-0.029432425,0.03703437,0.002233967,0.04010383,-0.010929585,0.007250532,0.018474154,-0.026707202,0.013604608,-0.0011653921,0.015533781,0.02194523,-0.022920573,-0.012901787,0.017211946,0.0025100752,0.010284137,0.008268905,-0.004285057,0.0017758782,-0.010850697,0.022103006,-0.031182308,-0.024627425,0.011539175,-0.0068596774,-0.009437883,0.0027861835,0.020295752,-0.012256339,-0.031354427,0.006253673,0.015777616,0.016078826,-0.011230794,0.015289945,-0.00032563746,-0.013956019,-0.016408721,0.093518235,0.025373276,-0.024426619,-0.049455654,-0.0052604005,0.035112366,0.013633295,0.0039049601,0.019392125,-0.02587529,-0.038153145,0.0046651545,-0.006461651,-0.012550376,-0.00020024575,-0.03385016,-0.01125948,0.019377781,-0.007716689,0.0018897281,-0.025617111,-0.011367056,0.010083331,-0.020295752,0.005393076,-0.020496558,0.0022106592,0.008570114,-0.013195825,0.029690605,0.0042384416,0.021758767,-0.002336163,-0.0066624573,0.028500112,0.01461581,-0.010441913,-0.02102726,0.008835465,0.03800971,-0.008763748,0.025846604,-0.007530226,-0.0047834865,-0.036001652,0.015289945,-0.021213721,0.0033294356,-0.0052819154,-0.05335703,-0.048652433,-0.007365278,0.0064939233,0.0042384416,0.0051850984,-0.0008449093,-0.029547172,0.023895917,0.0073007336,-0.03927192,-0.008469711,0.010714436,-0.0014020563,-0.007071241,0.014171168,-0.1826761,0.0066158413,0.01230654,0.009961413,-0.022977946,-0.024684798,-0.0078099202,-0.00013827825,-0.03224371,0.030752009,0.014465205,0.0009878939,-0.0209412,-0.009122331,-0.02461308,-0.016681243,-0.027309619,-0.0053464603,-0.013862788,0.0021263924,0.014759243,0.010499286,0.024641767,-0.0075015393,0.014960049,0.0033921874,-0.017412752,0.018158602,-0.015849333,-0.024068037,-0.015576811,0.00028641752,-0.0001800755,-0.029245963,0.026578112,0.0176279,-0.030665949,0.0021891443,0.020252721,0.0429438,0.03341986,0.024025006,0.014873989,0.006045696,-0.014407832,-0.02788335,-0.004467934,0.002655301,0.009739093,0.033362485,0.008842637,0.0012129042,0.014716213,-0.0069170506,-0.008928697,0.01880405,0.013367944,0.019750707,0.009746264,-0.013755213,0.014974392,0.0032057248,0.001035406,-0.02260502,-0.025774887,-0.001068575,-0.020137975,0.014142482,-0.0060062516,0.005195856,-0.0027449466,-0.020410499,0.037636787,-0.03367804,0.0461567,0.019406468,0.0030927714,0.018388094,-0.0071429573,0.014945705,-0.014522579,0.04179634,-0.016953766,0.034710757,0.020137975,0.021070288,-0.0045611653,-0.004242027,0.013016533,-0.009925555,-0.009688891,-0.00044800362,-0.0054253484,-0.032788754,0.016293975,0.043374103,0.019248692,-0.011008473,0.014357631,-0.011051503,-0.0015930014,-0.025358932,-0.015074795,0.016007109,-0.015533781,0.0025817917,0.011273824,0.006691144,0.021543618,-0.0036898106,-0.019765051,-0.010922413,0.0048838896,0.01042757,-0.001056921,0.021142006,-0.0046759117,-0.021586647,0.0032075178,-0.006669629,0.05636912,0.02647771,0.015820647,-0.010728779,-0.008369308,0.019765051,-0.105337106,-0.0119838165,0.01893314,0.0017489847,-0.022088664,-0.018918796,-0.009473741,0.007845778,-0.009853839,0.027295277,-0.016093168,-0.036718816,0.02365208,0.02260502,-0.004830102,-0.03014959,-0.0012389015,-0.029518485,-0.0023899502,0.023781171,-0.012148765,-0.02692235,-0.019090915,0.00885698,0.015863676,-0.017326692,-0.024283186,0.00010651012,-0.00063603517,-0.007343763,-0.0016862327,-0.037981026,-0.0041918256,0.01662387,-0.023006633,0.010398883,-0.019937169,-0.00032855093,0.008914353,-0.030436456,-0.002535176,-0.010011614,0.003521277,0.034309145,-0.0059309495,-0.039329294,-0.03347723,0.025990037,-7.569446e-05,-0.018818393,-0.0014612224,0.0021712151,-0.020453528,-0.03766547,0.010126361,-0.005091867,-0.016953766,0.033907533,-0.01771396,0.015863676,-0.0008776299,0.0124141155,0.0022303811,0.006067211,0.008082443,0.010155047,-0.029719291,-0.049713835,-0.0069027073,0.012442802,-0.008562943,0.04156685,-0.014207026,0.024555707,-0.032128964,-0.010578174,0.0076378006,-0.007551741,0.010112017,-0.04641488,-0.011252309,-0.021385841,-0.009896869,-0.033448547,0.0012828278,-0.001125948,-0.0064437217,-0.0053177737,-0.011331197,-0.03273138,0.024555707,0.0074513378,-0.0024311873,0.020912513,-0.02997747,-0.001730159,0.0044177324,-0.0087780915,0.02403935,0.0048695463,-0.026104784,0.0180582,-0.076191545,0.012335227,-0.011288167,0.004919748,0.0060313526,-0.042427443,-0.006045696,-0.032645322,-0.003399359,0.0020887412,-0.006712659,0.015404691,-0.02609044,0.0048444453,0.006440136,-0.02347996,0.022318155,-0.037808906,0.038554758,0.012858757,0.01077898,0.00018937622,0.033563294,0.0052317143,-0.016236601,0.021256752,-0.017326692,0.015275601,-0.018259006,0.010169391,0.031641293,-0.048136074,-0.0057444866,0.015978422,-0.011876242,-0.016509123,0.0021192208,0.03964485,-0.0112666525,0.007910323,-0.009566973,-0.028672231,-0.0056906994,-0.016982453,0.0036521596,0.005593882,-0.0014639117,0.00872789,0.022820171,-0.019922826,0.014787929,0.011223623,-0.018918796,-0.052525118,-0.004941263,-0.01051363,-0.005891505,-0.009803637,-0.0011707708,-0.036804877,0.043001175,0.02700841,0.028844351,0.01003313,0.022131693,-0.010319996,-0.0219022,-0.0064473078,-0.006077968,-0.036661442,0.012485832,-0.023594707,0.0080681,0.009308794,0.038296577,0.0039336467,0.024354903,-0.018215975,-0.029747978,0.008835465,0.030952815,-0.03557135,-0.0031286296,0.022705425,0.014630153,-0.0054038335,-0.006583569,-0.016939422,-0.027237903,0.0032433758,-0.0069708377,0.0059309495,0.0044858633,-0.0029851967,-0.010284137,-0.0032111036,-0.0022823757,-0.017484467,0.010226764,0.002294926,-0.013009362,0.01675296,-0.021342812,0.015218228,-0.028112844,0.019678991,-0.033190366,-0.016996795,-0.011639578,-0.013812586,-0.013066735,0.011453115,0.004166725,0.03175604,-0.009129503,0.010743123,0.006407864,0.0019202076,-0.0063935206,0.00442849,0.015017422,0.0069815954,0.016279632,0.01082201,0.026162157,-0.008720719,0.017326692,-0.0026284074,-0.014773586,-0.021055946,-0.0019973028,-0.0017068512,-0.029131217,-0.0042025833,-0.009244249,-0.004381874,0.029288992,0.026793262,-0.031641293,0.105681345,0.007107099,-0.02600438,-0.00942354,0.012579063,0.009437883,0.016968109,0.013159966,-0.012887443,-0.048480313,0.021887857,-0.0042025833,-0.005694285,-0.03542792,-0.0051062102,-0.0034692828,-0.0035589281,0.03267401,-0.01771396,-0.017943453,0.039357983,-0.007207502,0.022762798,-0.02722356,-0.009954241,-0.012069876,-0.0014361216,-0.02251896,0.008103957,-0.040677562,0.021156348,0.025301559,-0.024254499,0.000925142,0.0057695876,-0.007903151,-0.008806778,0.0015876227,0.030665949,-0.008620316,0.0048372736,0.007150129,-0.0020475043,-0.020826453,0.028385365,0.0042456132,-0.026420336,0.003580443,-0.0037292547]	show route advertising-protocol bgp <neighbor>	7	juniper_junos
\.


--
-- Data for Name: home_vendor; Type: TABLE DATA; Schema: public; Owner: postgres
--

COPY public.home_vendor (id, name) FROM stdin;
1	juniper_junos
2	cisco_ios
\.


--
-- Name: auth_group_id_seq; Type: SEQUENCE SET; Schema: public; Owner: postgres
--

SELECT pg_catalog.setval('public.auth_group_id_seq', 1, false);


--
-- Name: auth_group_permissions_id_seq; Type: SEQUENCE SET; Schema: public; Owner: postgres
--

SELECT pg_catalog.setval('public.auth_group_permissions_id_seq', 1, false);


--
-- Name: auth_permission_id_seq; Type: SEQUENCE SET; Schema: public; Owner: postgres
--

SELECT pg_catalog.setval('public.auth_permission_id_seq', 40, true);


--
-- Name: auth_user_groups_id_seq; Type: SEQUENCE SET; Schema: public; Owner: postgres
--

SELECT pg_catalog.setval('public.auth_user_groups_id_seq', 1, false);


--
-- Name: auth_user_id_seq; Type: SEQUENCE SET; Schema: public; Owner: postgres
--

SELECT pg_catalog.setval('public.auth_user_id_seq', 6, true);


--
-- Name: auth_user_user_permissions_id_seq; Type: SEQUENCE SET; Schema: public; Owner: postgres
--

SELECT pg_catalog.setval('public.auth_user_user_permissions_id_seq', 1, false);


--
-- Name: django_admin_log_id_seq; Type: SEQUENCE SET; Schema: public; Owner: postgres
--

SELECT pg_catalog.setval('public.django_admin_log_id_seq', 12, true);


--
-- Name: django_content_type_id_seq; Type: SEQUENCE SET; Schema: public; Owner: postgres
--

SELECT pg_catalog.setval('public.django_content_type_id_seq', 10, true);


--
-- Name: django_migrations_id_seq; Type: SEQUENCE SET; Schema: public; Owner: postgres
--

SELECT pg_catalog.setval('public.django_migrations_id_seq', 23, true);


--
-- Name: home_command_mapping_id_seq; Type: SEQUENCE SET; Schema: public; Owner: postgres
--

SELECT pg_catalog.setval('public.home_command_mapping_id_seq', 7, true);


--
-- Name: home_vendor_id_seq; Type: SEQUENCE SET; Schema: public; Owner: postgres
--

SELECT pg_catalog.setval('public.home_vendor_id_seq', 2, true);


--
-- Name: auth_group auth_group_name_key; Type: CONSTRAINT; Schema: public; Owner: postgres
--

ALTER TABLE ONLY public.auth_group
    ADD CONSTRAINT auth_group_name_key UNIQUE (name);


--
-- Name: auth_group_permissions auth_group_permissions_group_id_permission_id_0cd325b0_uniq; Type: CONSTRAINT; Schema: public; Owner: postgres
--

ALTER TABLE ONLY public.auth_group_permissions
    ADD CONSTRAINT auth_group_permissions_group_id_permission_id_0cd325b0_uniq UNIQUE (group_id, permission_id);


--
-- Name: auth_group_permissions auth_group_permissions_pkey; Type: CONSTRAINT; Schema: public; Owner: postgres
--

ALTER TABLE ONLY public.auth_group_permissions
    ADD CONSTRAINT auth_group_permissions_pkey PRIMARY KEY (id);


--
-- Name: auth_group auth_group_pkey; Type: CONSTRAINT; Schema: public; Owner: postgres
--

ALTER TABLE ONLY public.auth_group
    ADD CONSTRAINT auth_group_pkey PRIMARY KEY (id);


--
-- Name: auth_permission auth_permission_content_type_id_codename_01ab375a_uniq; Type: CONSTRAINT; Schema: public; Owner: postgres
--

ALTER TABLE ONLY public.auth_permission
    ADD CONSTRAINT auth_permission_content_type_id_codename_01ab375a_uniq UNIQUE (content_type_id, codename);


--
-- Name: auth_permission auth_permission_pkey; Type: CONSTRAINT; Schema: public; Owner: postgres
--

ALTER TABLE ONLY public.auth_permission
    ADD CONSTRAINT auth_permission_pkey PRIMARY KEY (id);


--
-- Name: auth_user_groups auth_user_groups_pkey; Type: CONSTRAINT; Schema: public; Owner: postgres
--

ALTER TABLE ONLY public.auth_user_groups
    ADD CONSTRAINT auth_user_groups_pkey PRIMARY KEY (id);


--
-- Name: auth_user_groups auth_user_groups_user_id_group_id_94350c0c_uniq; Type: CONSTRAINT; Schema: public; Owner: postgres
--

ALTER TABLE ONLY public.auth_user_groups
    ADD CONSTRAINT auth_user_groups_user_id_group_id_94350c0c_uniq UNIQUE (user_id, group_id);


--
-- Name: auth_user auth_user_pkey; Type: CONSTRAINT; Schema: public; Owner: postgres
--

ALTER TABLE ONLY public.auth_user
    ADD CONSTRAINT auth_user_pkey PRIMARY KEY (id);


--
-- Name: auth_user_user_permissions auth_user_user_permissions_pkey; Type: CONSTRAINT; Schema: public; Owner: postgres
--

ALTER TABLE ONLY public.auth_user_user_permissions
    ADD CONSTRAINT auth_user_user_permissions_pkey PRIMARY KEY (id);


--
-- Name: auth_user_user_permissions auth_user_user_permissions_user_id_permission_id_14a6b632_uniq; Type: CONSTRAINT; Schema: public; Owner: postgres
--

ALTER TABLE ONLY public.auth_user_user_permissions
    ADD CONSTRAINT auth_user_user_permissions_user_id_permission_id_14a6b632_uniq UNIQUE (user_id, permission_id);


--
-- Name: auth_user auth_user_username_key; Type: CONSTRAINT; Schema: public; Owner: postgres
--

ALTER TABLE ONLY public.auth_user
    ADD CONSTRAINT auth_user_username_key UNIQUE (username);


--
-- Name: django_admin_log django_admin_log_pkey; Type: CONSTRAINT; Schema: public; Owner: postgres
--

ALTER TABLE ONLY public.django_admin_log
    ADD CONSTRAINT django_admin_log_pkey PRIMARY KEY (id);


--
-- Name: django_content_type django_content_type_app_label_model_76bd3d3b_uniq; Type: CONSTRAINT; Schema: public; Owner: postgres
--

ALTER TABLE ONLY public.django_content_type
    ADD CONSTRAINT django_content_type_app_label_model_76bd3d3b_uniq UNIQUE (app_label, model);


--
-- Name: django_content_type django_content_type_pkey; Type: CONSTRAINT; Schema: public; Owner: postgres
--

ALTER TABLE ONLY public.django_content_type
    ADD CONSTRAINT django_content_type_pkey PRIMARY KEY (id);


--
-- Name: django_migrations django_migrations_pkey; Type: CONSTRAINT; Schema: public; Owner: postgres
--

ALTER TABLE ONLY public.django_migrations
    ADD CONSTRAINT django_migrations_pkey PRIMARY KEY (id);


--
-- Name: django_session django_session_pkey; Type: CONSTRAINT; Schema: public; Owner: postgres
--

ALTER TABLE ONLY public.django_session
    ADD CONSTRAINT django_session_pkey PRIMARY KEY (session_key);


--
-- Name: home_command_mapping home_command_mapping_pkey; Type: CONSTRAINT; Schema: public; Owner: postgres
--

ALTER TABLE ONLY public.home_command_mapping
    ADD CONSTRAINT home_command_mapping_pkey PRIMARY KEY (id);


--
-- Name: home_vendor home_vendor_pkey; Type: CONSTRAINT; Schema: public; Owner: postgres
--

ALTER TABLE ONLY public.home_vendor
    ADD CONSTRAINT home_vendor_pkey PRIMARY KEY (id);


--
-- Name: auth_group_name_a6ea08ec_like; Type: INDEX; Schema: public; Owner: postgres
--

CREATE INDEX auth_group_name_a6ea08ec_like ON public.auth_group USING btree (name varchar_pattern_ops);


--
-- Name: auth_group_permissions_group_id_b120cbf9; Type: INDEX; Schema: public; Owner: postgres
--

CREATE INDEX auth_group_permissions_group_id_b120cbf9 ON public.auth_group_permissions USING btree (group_id);


--
-- Name: auth_group_permissions_permission_id_84c5c92e; Type: INDEX; Schema: public; Owner: postgres
--

CREATE INDEX auth_group_permissions_permission_id_84c5c92e ON public.auth_group_permissions USING btree (permission_id);


--
-- Name: auth_permission_content_type_id_2f476e4b; Type: INDEX; Schema: public; Owner: postgres
--

CREATE INDEX auth_permission_content_type_id_2f476e4b ON public.auth_permission USING btree (content_type_id);


--
-- Name: auth_user_groups_group_id_97559544; Type: INDEX; Schema: public; Owner: postgres
--

CREATE INDEX auth_user_groups_group_id_97559544 ON public.auth_user_groups USING btree (group_id);


--
-- Name: auth_user_groups_user_id_6a12ed8b; Type: INDEX; Schema: public; Owner: postgres
--

CREATE INDEX auth_user_groups_user_id_6a12ed8b ON public.auth_user_groups USING btree (user_id);


--
-- Name: auth_user_user_permissions_permission_id_1fbb5f2c; Type: INDEX; Schema: public; Owner: postgres
--

CREATE INDEX auth_user_user_permissions_permission_id_1fbb5f2c ON public.auth_user_user_permissions USING btree (permission_id);


--
-- Name: auth_user_user_permissions_user_id_a95ead1b; Type: INDEX; Schema: public; Owner: postgres
--

CREATE INDEX auth_user_user_permissions_user_id_a95ead1b ON public.auth_user_user_permissions USING btree (user_id);


--
-- Name: auth_user_username_6821ab7c_like; Type: INDEX; Schema: public; Owner: postgres
--

CREATE INDEX auth_user_username_6821ab7c_like ON public.auth_user USING btree (username varchar_pattern_ops);


--
-- Name: django_admin_log_content_type_id_c4bce8eb; Type: INDEX; Schema: public; Owner: postgres
--

CREATE INDEX django_admin_log_content_type_id_c4bce8eb ON public.django_admin_log USING btree (content_type_id);


--
-- Name: django_admin_log_user_id_c564eba6; Type: INDEX; Schema: public; Owner: postgres
--

CREATE INDEX django_admin_log_user_id_c564eba6 ON public.django_admin_log USING btree (user_id);


--
-- Name: django_session_expire_date_a5c62663; Type: INDEX; Schema: public; Owner: postgres
--

CREATE INDEX django_session_expire_date_a5c62663 ON public.django_session USING btree (expire_date);


--
-- Name: django_session_session_key_c0390e0f_like; Type: INDEX; Schema: public; Owner: postgres
--

CREATE INDEX django_session_session_key_c0390e0f_like ON public.django_session USING btree (session_key varchar_pattern_ops);


--
-- Name: auth_group_permissions auth_group_permissio_permission_id_84c5c92e_fk_auth_perm; Type: FK CONSTRAINT; Schema: public; Owner: postgres
--

ALTER TABLE ONLY public.auth_group_permissions
    ADD CONSTRAINT auth_group_permissio_permission_id_84c5c92e_fk_auth_perm FOREIGN KEY (permission_id) REFERENCES public.auth_permission(id) DEFERRABLE INITIALLY DEFERRED;


--
-- Name: auth_group_permissions auth_group_permissions_group_id_b120cbf9_fk_auth_group_id; Type: FK CONSTRAINT; Schema: public; Owner: postgres
--

ALTER TABLE ONLY public.auth_group_permissions
    ADD CONSTRAINT auth_group_permissions_group_id_b120cbf9_fk_auth_group_id FOREIGN KEY (group_id) REFERENCES public.auth_group(id) DEFERRABLE INITIALLY DEFERRED;


--
-- Name: auth_permission auth_permission_content_type_id_2f476e4b_fk_django_co; Type: FK CONSTRAINT; Schema: public; Owner: postgres
--

ALTER TABLE ONLY public.auth_permission
    ADD CONSTRAINT auth_permission_content_type_id_2f476e4b_fk_django_co FOREIGN KEY (content_type_id) REFERENCES public.django_content_type(id) DEFERRABLE INITIALLY DEFERRED;


--
-- Name: auth_user_groups auth_user_groups_group_id_97559544_fk_auth_group_id; Type: FK CONSTRAINT; Schema: public; Owner: postgres
--

ALTER TABLE ONLY public.auth_user_groups
    ADD CONSTRAINT auth_user_groups_group_id_97559544_fk_auth_group_id FOREIGN KEY (group_id) REFERENCES public.auth_group(id) DEFERRABLE INITIALLY DEFERRED;


--
-- Name: auth_user_groups auth_user_groups_user_id_6a12ed8b_fk_auth_user_id; Type: FK CONSTRAINT; Schema: public; Owner: postgres
--

ALTER TABLE ONLY public.auth_user_groups
    ADD CONSTRAINT auth_user_groups_user_id_6a12ed8b_fk_auth_user_id FOREIGN KEY (user_id) REFERENCES public.auth_user(id) DEFERRABLE INITIALLY DEFERRED;


--
-- Name: auth_user_user_permissions auth_user_user_permi_permission_id_1fbb5f2c_fk_auth_perm; Type: FK CONSTRAINT; Schema: public; Owner: postgres
--

ALTER TABLE ONLY public.auth_user_user_permissions
    ADD CONSTRAINT auth_user_user_permi_permission_id_1fbb5f2c_fk_auth_perm FOREIGN KEY (permission_id) REFERENCES public.auth_permission(id) DEFERRABLE INITIALLY DEFERRED;


--
-- Name: auth_user_user_permissions auth_user_user_permissions_user_id_a95ead1b_fk_auth_user_id; Type: FK CONSTRAINT; Schema: public; Owner: postgres
--

ALTER TABLE ONLY public.auth_user_user_permissions
    ADD CONSTRAINT auth_user_user_permissions_user_id_a95ead1b_fk_auth_user_id FOREIGN KEY (user_id) REFERENCES public.auth_user(id) DEFERRABLE INITIALLY DEFERRED;


--
-- Name: django_admin_log django_admin_log_content_type_id_c4bce8eb_fk_django_co; Type: FK CONSTRAINT; Schema: public; Owner: postgres
--

ALTER TABLE ONLY public.django_admin_log
    ADD CONSTRAINT django_admin_log_content_type_id_c4bce8eb_fk_django_co FOREIGN KEY (content_type_id) REFERENCES public.django_content_type(id) DEFERRABLE INITIALLY DEFERRED;


--
-- Name: django_admin_log django_admin_log_user_id_c564eba6_fk_auth_user_id; Type: FK CONSTRAINT; Schema: public; Owner: postgres
--

ALTER TABLE ONLY public.django_admin_log
    ADD CONSTRAINT django_admin_log_user_id_c564eba6_fk_auth_user_id FOREIGN KEY (user_id) REFERENCES public.auth_user(id) DEFERRABLE INITIALLY DEFERRED;


--
-- PostgreSQL database dump complete
--

